NUM,AUTH,YR_PUB,YR_PRI,SQ_APLS,CA_GRANT,SQ_SCOPE,LN_FAMSIZE,CA_NPL
38222676,1,2008,2007,2,0,1,1,0
39156541,1,2008,2007,1,0,1,1,0
39577397,1,2008,2007,1,0,1,1,0
39951447,1,2009,2007,1,0,1,1,0
40304948,1,2009,2007,1,0,2,1,0
37734774,1,2007,2005,1,0,1,1,1
8180897,1,2003,2001,1,0,1,1,0
34353430,1,2005,2003,1,1,1,2,0
35789234,1,2007,2004,1,1,1,2,1
30010680,1,2004,2002,1,1,1,1,0
34399758,1,2005,2003,1,1,1,2,0
35464091,1,2007,2005,1,1,1,2,0
34934229,1,2006,2005,1,1,1,1,1
29415152,1,2003,2002,1,0,1,1,0
37776596,1,2008,2006,1,0,1,1,0
26055277,1,2001,1999,1,1,2,2,1
29285673,1,2003,2002,1,0,1,1,0
38460983,3,2008,2007,1,0,2,1,0
39575569,3,2008,2007,1,1,2,1,1
7697689,1,2003,2001,1,0,1,1,0
28050790,1,2003,2002,1,0,1,1,0
28050863,1,2003,2002,2,0,1,1,0
29413788,1,2003,2002,1,0,1,2,0
34203138,1,2005,2003,1,0,1,1,0
18130821,3,2001,1999,1,1,1,2,1
7900155,1,2000,1999,1,1,1,1,0
8094193,1,2002,1999,1,0,1,1,1
8097738,1,2002,1999,1,0,1,1,1
8310280,1,2003,1999,1,0,1,2,1
7632792,1,2001,2000,1,0,1,1,0
7647085,1,2002,2000,1,0,1,1,1
7662857,1,2002,2000,1,0,2,1,0
27419396,1,2003,2000,1,0,1,1,1
7936775,1,2002,2000,1,1,1,2,1
29720179,1,2004,2001,1,0,1,1,1
19910952,1,2003,2000,1,0,2,2,1
11458889,1,2002,2001,1,1,1,2,1
7695161,1,2003,2001,1,0,1,1,0
7961146,1,2003,2001,1,1,1,2,0
8496468,1,2002,2001,1,0,1,1,1
27675811,1,2003,2002,1,0,1,1,1
7680654,1,2004,2001,1,1,2,2,1
8160449,1,2004,2001,1,1,1,2,1
7704364,1,2004,2001,1,0,1,1,1
26246824,1,2004,2001,1,1,2,2,1
28799102,1,2003,2002,1,0,1,1,1
28799100,1,2003,2002,1,1,1,2,0
28799101,1,2003,2002,1,0,1,1,1
31984389,1,2004,2002,1,0,1,1,0
34486439,1,2005,2003,1,0,1,1,1
29595354,1,2004,2002,1,0,1,1,0
39167923,1,2005,2003,1,1,1,1,0
35874460,1,2006,2003,1,0,0,1,1
32864376,1,2004,2003,1,0,1,1,0
32864375,1,2004,2003,1,0,1,1,0
34353399,1,2005,2003,1,1,1,2,0
34530352,1,2005,2003,1,1,1,2,0
9957992,1,2006,2003,1,0,1,2,1
33427410,1,2006,2003,1,0,1,2,1
35344643,1,2006,2004,1,1,1,1,0
34970368,1,2007,2004,1,1,1,2,1
35746213,1,2008,2005,1,1,1,3,1
36121303,1,2006,2005,1,0,1,1,0
35853942,1,2007,2005,1,0,1,1,0
35404798,1,2007,2005,1,1,1,1,0
35502293,1,2007,2005,1,1,2,2,1
36869906,1,2007,2005,1,0,1,1,0
37076124,1,2007,2005,1,1,1,2,0
37671968,1,2007,2005,1,0,1,1,0
34112651,1,2006,2005,1,0,1,1,0
34385055,1,2006,2005,1,0,1,1,0
35458772,1,2007,2005,1,0,1,1,0
38967797,1,2008,2007,1,0,1,1,0
38669878,1,2008,2006,1,0,1,1,0
39267901,1,2008,2006,1,1,1,2,1
38984200,1,2008,2007,1,0,1,1,0
38739430,1,2008,2007,1,0,1,1,0
38995149,1,2008,2006,1,0,1,1,0
39590397,1,2009,2007,1,0,1,1,0
39496168,1,2009,2007,1,0,1,1,0
39719277,1,2008,2007,1,0,1,1,0
33039099,1,2004,2003,2,0,1,1,0
33394310,1,2004,2003,2,0,1,2,0
34854339,1,2006,2005,1,0,1,1,0
36729332,1,2006,2005,2,0,1,1,0
37622008,1,2007,2005,2,0,2,1,0
35853075,1,2007,2005,1,0,1,1,0
39338983,1,2008,2006,2,0,1,1,0
8495916,2,2002,2000,1,1,1,2,0
26053718,3,2004,1999,1,1,1,3,1
39530965,3,2008,2007,1,1,2,1,1
34192527,2,2005,2003,1,0,1,1,0
29719109,3,2005,2002,0,1,1,2,0
39577326,3,2008,2007,1,1,1,2,0
35520062,3,2008,2005,1,1,2,2,1
36118067,3,2006,2004,1,1,1,2,1
39667111,2,2008,2007,1,1,1,1,0
36118097,3,2006,2004,1,1,1,2,1
21780855,2,2004,2001,1,1,1,1,0
34530405,3,2005,2003,1,1,2,2,0
7913058,3,2003,1999,1,1,1,3,1
35809647,3,2006,2004,1,1,1,1,1
38608871,3,2008,2007,1,0,1,2,0
21894182,2,2003,2002,1,0,1,1,0
21907529,3,2003,2001,1,1,1,3,0
34650813,3,2005,2004,1,1,1,2,0
39685195,2,2008,2007,1,1,2,1,0
34746184,3,2005,2004,0,1,1,1,1
39645840,3,2008,2007,1,1,1,2,0
36407933,3,2006,2005,1,1,1,2,1
8104813,3,2006,1999,1,1,2,3,0
26783507,2,2003,2001,1,0,1,1,0
7925269,3,2003,1999,1,1,1,2,0
34935212,3,2005,2004,1,0,1,1,0
8157165,3,2003,1999,1,1,1,2,1
34936138,3,2005,2004,1,1,1,1,0
7682117,3,2003,2001,1,1,1,1,0
35799306,2,2006,2004,1,1,2,1,0
20417849,3,2005,1999,1,1,1,3,0
37402106,2,2006,2005,0,0,1,2,0
8159753,3,2003,2000,1,1,1,2,0
29731844,2,2003,2002,1,1,1,1,1
37909986,2,2007,2005,0,0,2,1,0
29583721,3,2003,2002,1,1,1,2,0
29710348,2,2003,2002,0,1,1,1,1
34937742,3,2006,2004,1,1,1,1,1
7934482,3,2003,1999,1,1,1,3,1
7934557,3,2004,1999,1,1,1,3,0
36764595,3,2007,2005,1,1,1,1,0
37693506,2,2007,2005,1,1,1,1,1
32922153,3,2006,2004,1,1,1,2,1
26009718,3,2003,2001,1,0,1,2,0
8159301,3,2003,2000,1,1,1,2,1
31187021,2,2004,2002,1,1,1,1,1
37027500,3,2006,2003,1,1,1,1,1
37441907,3,2007,2005,1,1,1,2,1
37854337,2,2007,2005,0,1,1,1,0
26918424,2,2003,2001,1,1,1,1,0
7696033,3,2003,2001,1,1,1,2,0
7696219,3,2003,2001,1,1,1,1,0
36928409,3,2007,2005,1,1,1,2,0
7637663,3,2003,2000,1,1,1,2,0
31991262,2,2004,2002,1,0,1,1,0
37665466,3,2007,2005,1,0,1,2,0
37311884,3,2007,2005,1,1,1,2,0
34926988,3,2006,2004,1,1,1,1,1
31993101,2,2004,2002,0,1,1,1,0
32042844,2,2004,2002,1,1,1,1,0
32092555,2,2004,2002,1,0,1,1,0
32092827,2,2004,2002,1,0,1,1,0
35448152,3,2006,2004,1,1,1,2,1
20279517,2,2004,2000,1,0,1,2,0
7641030,3,2003,2000,1,1,1,3,0
7641891,3,2003,2000,1,1,1,3,1
37074201,3,2007,2005,1,1,1,1,1
37560923,3,2007,2005,1,0,1,1,0
37873336,3,2007,2005,1,1,1,2,1
37672449,3,2007,2005,1,1,1,1,0
38118934,2,2007,2005,1,1,1,2,1
32587986,2,2003,1999,1,1,1,1,0
38337032,2,2007,2006,1,1,2,1,0
27598276,2,2003,2001,1,1,1,1,1
35589532,3,2006,2005,1,0,1,1,0
7647633,3,2004,2000,0,1,2,3,0
7648210,3,2003,2000,1,1,1,2,1
38197650,3,2007,2006,1,1,1,1,1
27532070,3,2006,2002,1,1,2,2,0
38286555,2,2007,2006,1,1,2,1,1
32319513,2,2004,2000,1,1,2,1,0
38366946,2,2007,2006,0,0,1,1,0
32771011,2,2004,2003,1,1,1,1,1
32771043,2,2004,2003,1,1,1,1,1
38134496,3,2007,2006,1,1,1,1,1
38517024,2,2007,2006,1,1,1,1,1
8092632,3,2001,1997,1,1,1,2,1
27805233,3,2003,2002,1,1,2,2,1
35452679,2,2005,2002,1,1,1,1,1
37187106,2,2006,2005,1,1,1,1,0
38051815,3,2007,2006,1,1,1,1,0
38015725,3,2007,2006,1,1,0,1,0
38514238,3,2007,2006,1,1,1,1,0
38283286,3,2007,2006,1,1,1,1,1
38875816,2,2008,2006,1,1,1,1,0
28798968,3,2004,2002,1,1,1,2,0
38261594,3,2008,2006,1,1,1,1,1
37022124,2,2007,2005,0,0,1,1,0
7664328,3,2004,2000,0,1,1,3,0
29271595,3,2005,2002,0,0,1,1,0
33417860,2,2004,2003,1,1,2,1,0
7837740,3,2002,1997,1,1,1,3,1
19156703,2,2004,2001,1,1,1,2,0
38822197,2,2007,2006,1,0,1,1,0
29715422,2,2003,2002,1,1,1,1,1
7836808,3,2002,1997,1,1,1,3,0
11042197,2,2004,2001,1,0,1,1,0
7675751,3,2004,2001,0,1,1,3,0
7673596,3,2004,2001,1,0,1,3,0
7677928,3,2004,2001,1,1,1,3,1
7677929,3,2004,2001,0,1,1,3,0
7679374,3,2004,2001,0,1,1,3,1
7682248,2,2004,2001,0,1,1,1,1
37011542,3,2007,2005,1,1,2,1,0
7687372,3,2004,2001,0,1,1,3,0
26009545,3,2004,2001,0,1,2,3,0
36998545,2,2007,2005,1,1,1,2,0
7696580,3,2004,2001,0,1,2,3,0
33515012,3,2006,2003,1,1,1,3,0
33514968,3,2006,2003,1,1,2,2,0
32303311,3,2004,2001,0,1,1,2,0
23266785,3,2005,2001,1,1,1,2,1
7710172,3,2006,2001,1,1,2,2,1
27741484,3,2005,2002,1,1,1,2,0
28050789,3,2005,2002,1,1,1,2,0
29267358,3,2005,2002,1,1,2,2,0
29264853,3,2005,2002,1,1,1,2,0
29265837,3,2006,2002,1,1,2,2,1
31185862,3,2006,2002,1,1,2,3,1
29796368,3,2006,2002,1,1,2,2,1
34961759,3,2007,2004,1,1,2,3,0
36869917,3,2007,2005,1,1,1,2,0
3522570,3,2002,1997,1,1,1,2,0
36928256,3,2007,2005,1,1,2,2,1
24123051,2,2002,2000,1,1,1,1,0
37567596,2,2006,2006,1,1,1,1,0
35840322,3,2007,2005,1,1,2,1,0
38761231,3,2008,2006,1,1,1,1,0
32668617,3,2006,2002,1,1,1,2,0
32708399,2,2006,2002,1,1,2,2,0
37669295,3,2007,2005,1,1,2,2,1
32480341,3,2006,2002,1,1,1,2,0
32519827,3,2006,2003,1,1,1,2,1
32694867,3,2006,2003,1,1,1,2,1
32865083,3,2007,2003,1,1,2,1,1
32910021,3,2006,2003,1,1,1,2,1
9953844,3,2006,2003,1,1,2,2,1
39156248,3,2008,2006,0,0,1,1,0
33300065,2,2006,2003,1,0,1,1,0
35320281,3,2007,2004,1,0,1,1,0
33426916,3,2007,2003,1,1,1,2,0
33039175,3,2006,2003,1,1,2,2,1
33550481,3,2006,2003,1,1,2,2,0
39262797,3,2008,2006,0,1,2,1,0
34177692,3,2006,2003,1,1,1,2,0
34129838,3,2008,2003,1,1,2,3,1
34315649,3,2007,2003,1,1,1,2,0
33186211,3,2007,2004,0,0,1,2,0
34276543,3,2007,2003,1,1,2,1,1
34259111,3,2007,2003,1,1,1,2,1
34958415,3,2007,2004,1,1,1,2,0
34178077,3,2007,2003,1,1,2,2,0
35276530,3,2007,2004,1,1,1,2,0
35708589,3,2008,2004,1,0,1,2,0
34429593,2,2007,2003,1,1,1,2,0
34635435,3,2007,2003,0,0,1,2,0
34672716,3,2007,2003,0,0,2,2,0
34778141,3,2007,2004,1,1,1,2,0
34966859,3,2007,2004,0,1,1,2,1
34975926,3,2008,2004,1,0,1,2,0
34962866,3,2007,2004,1,1,1,2,0
34676769,3,2007,2003,1,1,2,2,0
34967793,3,2008,2004,1,1,1,3,1
34859221,3,2007,2004,1,0,1,2,0
8089123,3,2003,1998,1,1,2,3,0
37663118,3,2007,2005,1,1,1,3,1
39262998,3,2008,2006,1,1,1,2,1
39263105,3,2008,2006,1,1,1,1,1
38996209,3,2008,2007,1,1,2,1,0
39462164,3,2008,2007,1,1,2,2,1
39593610,3,2008,2007,1,1,2,1,0
39668209,2,2008,2007,1,1,1,1,0
34063455,3,2005,2003,1,1,2,2,1
39543051,3,2008,2006,1,1,1,1,1
38517026,2,2007,2006,1,1,1,1,0
35005063,2,2005,2000,1,1,1,1,0
35539359,3,2008,2004,0,0,1,2,0
35482128,3,2008,2004,1,1,1,2,1
35841849,3,2007,2004,1,1,1,2,1
7687149,3,2007,2001,0,1,1,3,0
42244507,3,2007,2007,1,1,1,1,0
34194910,3,2007,2003,1,1,2,2,1
38162135,3,2007,2006,1,1,2,2,0
38787027,3,2008,2006,1,1,1,2,1
38069075,3,2007,2006,1,1,1,2,0
8096781,3,2003,1998,1,1,1,2,1
32829013,3,2004,2003,1,1,2,1,0
38460313,2,2007,2006,0,0,1,1,0
24942667,3,2002,2000,1,0,1,1,0
8498094,3,2004,2001,1,1,1,2,0
7692180,3,2004,2001,2,0,1,2,0
32652579,2,2004,2002,1,0,2,1,0
38001770,3,2007,2006,1,1,1,2,1
46328717,2,2008,2005,0,0,1,1,0
38147611,3,2008,2006,1,0,1,1,0
46328751,2,2008,2005,0,0,1,1,0
25050770,2,2003,2001,1,0,1,1,1
38805602,3,2008,2007,1,1,1,2,1
39590878,3,2008,2007,1,1,1,2,1
27220727,3,2003,1998,1,1,1,2,0
38740123,3,2008,2007,1,0,2,2,0
38515461,3,2008,2006,1,1,1,2,1
7693714,3,2004,2001,0,1,1,3,1
38859576,2,2008,2006,1,1,1,2,1
38776817,3,2008,2006,1,0,2,2,0
38740163,3,2008,2006,1,1,1,2,0
39509845,3,2008,2007,1,1,1,1,1
38724397,3,2008,2007,1,1,1,2,1
9548426,3,2003,1999,1,1,1,3,0
8171034,3,2001,2000,1,1,1,2,0
35998481,3,2008,2004,1,1,2,2,1
34912417,2,2005,2004,1,1,2,1,0
7634034,3,2002,2000,1,0,1,2,0
7882388,3,2004,1998,1,1,1,2,1
34990046,2,2005,2004,0,1,1,1,0
34959688,3,2008,2004,1,0,1,2,0
46301215,2,2004,2002,0,1,1,1,0
27393500,2,2002,2000,2,0,1,1,0
36653410,2,2006,2003,0,0,1,1,0
35136612,2,2005,2004,0,1,1,1,0
38515805,3,2008,2006,1,1,1,2,1
25275303,2,2002,2001,1,1,2,1,0
39188801,2,2008,2006,0,0,1,1,0
33562780,3,2005,2003,1,0,1,1,0
25016102,2,2002,2000,1,1,1,2,1
38752541,3,2008,2006,1,1,1,2,1
38515503,3,2008,2006,1,1,2,2,1
27093569,2,2004,1997,1,1,1,2,1
38959662,3,2008,2006,1,1,1,2,1
26050411,3,2005,1998,1,1,1,3,1
27659983,2,2004,2002,1,1,1,2,0
35455150,2,2005,2004,1,1,1,2,0
39106077,3,2008,2006,1,1,2,1,0
34941101,3,2006,2004,1,1,1,1,0
35513109,2,2006,2004,1,1,1,1,1
35514092,2,2006,2004,1,1,1,1,0
35514093,2,2006,2004,1,1,1,1,0
46329040,2,2008,2002,0,0,1,1,0
34941028,3,2006,2004,1,1,1,1,1
7924735,3,2004,1999,0,1,1,3,1
38198255,3,2008,2006,1,1,1,2,0
35005601,2,2005,2004,0,1,1,1,1
33562574,3,2005,2003,1,1,2,2,0
34909985,2,2005,2004,0,1,2,2,0
33550055,3,2005,2003,1,1,1,1,1
26916487,2,2002,2000,1,1,1,1,0
19685402,2,2002,2000,1,1,1,1,0
35079345,3,2006,2004,0,0,1,1,0
20414778,3,2003,1999,1,1,1,3,0
39311311,3,2008,2006,1,1,1,1,0
18913892,3,2002,2001,1,1,2,1,0
34981372,3,2006,2004,1,1,1,2,0
36782307,3,2008,2005,1,1,1,2,1
34355502,3,2005,2003,1,1,1,2,1
46302938,2,2005,2001,1,1,1,1,0
34753150,3,2005,2004,2,0,1,1,0
25522816,2,2003,2001,1,1,1,1,0
38335543,3,2008,2006,1,1,2,1,0
38335742,3,2008,2006,1,1,2,1,0
19189473,3,2008,2001,1,1,1,2,1
37482521,3,2008,2006,1,1,1,1,1
34681755,3,2005,2003,1,1,2,2,0
35809593,3,2008,2005,1,1,2,2,1
35873125,3,2008,2005,1,1,1,2,1
37711833,3,2008,2006,1,1,1,2,0
32735561,3,2004,2003,2,0,1,2,0
32962699,2,2004,2003,2,0,1,1,0
33130859,2,2004,2003,1,0,1,1,0
33539078,3,2004,2003,1,0,1,2,1
34103166,3,2005,2003,2,0,1,2,0
34521913,3,2005,2003,2,0,1,2,1
34966536,2,2005,2004,2,0,1,2,0
35058795,2,2006,2004,1,0,0,1,0
36615418,3,2006,2004,1,0,1,2,0
38003906,3,2007,2005,2,0,1,2,0
38470837,2,2007,2006,1,0,1,1,0
38522930,2,2007,2006,2,0,1,1,0
39682249,3,2010,2006,1,0,1,2,1
35432892,3,2008,2005,1,1,1,2,1
36147049,3,2008,2005,1,1,1,2,1
39092242,2,2008,2006,1,1,2,2,0
37637522,3,2008,2005,1,1,1,2,0
39717819,3,2008,2007,0,0,1,2,0
38759543,3,2008,2007,1,1,1,2,1
39941479,1,2009,2008,1,0,1,1,0
40026767,2,2008,2007,1,0,1,1,0
39142757,3,2008,2007,1,1,2,2,1
40044115,1,2009,2007,1,0,1,1,0
37114539,3,2008,2005,1,0,1,2,0
38654935,3,2008,2007,1,1,2,1,1
38814477,3,2008,2007,1,1,1,2,1
38983706,3,2008,2007,1,1,1,1,0
38895466,3,2009,2006,1,0,1,1,1
38694113,3,2008,2007,1,1,1,2,1
39415361,3,2008,2007,1,0,1,1,1
38232891,3,2008,2006,1,0,1,2,0
39930552,3,2008,2007,1,0,1,1,0
39719400,3,2009,2007,1,1,1,2,0
39777488,3,2009,2007,1,1,1,2,0
35787015,3,2008,2004,1,1,1,2,1
40135722,2,2008,2007,1,1,1,1,0
40135725,2,2008,2007,0,0,1,1,0
40076132,2,2008,2007,1,1,1,2,0
39356556,3,2009,2007,1,1,2,2,1
38255293,3,2009,2006,1,0,1,2,0
39364044,3,2009,2007,1,1,2,2,1
38222469,3,2009,2006,1,1,1,2,1
40042779,3,2009,2007,1,0,1,2,0
38459383,3,2009,2006,1,1,1,2,1
39032120,3,2009,2007,1,1,1,2,0
37304041,3,2009,2006,1,1,1,2,1
38564006,3,2009,2006,0,0,1,2,0
37885832,3,2009,2005,1,1,1,2,1
40220839,3,2010,2007,1,0,1,1,1
39679299,3,2009,2007,1,1,2,2,0
39823810,3,2009,2007,1,1,1,2,0
40032812,3,2009,2007,0,0,1,2,0
38923515,1,2009,2006,1,0,1,1,1
37865899,3,2009,2006,1,0,1,2,1
39463899,3,2009,2006,1,0,1,2,1
39739517,3,2009,2007,1,1,1,2,0
40175879,3,2009,2007,1,1,2,2,0
40175880,3,2009,2007,1,1,1,2,1
38596273,3,2009,2006,1,1,2,2,1
40337402,2,2009,2007,1,0,1,1,0
38998346,3,2009,2007,1,1,1,2,0
40943858,1,2010,2009,1,0,2,1,1
40362369,2,2009,2007,1,1,2,1,0
40044086,3,2009,2007,1,1,1,1,0
36758626,3,2009,2006,1,1,2,3,1
40381496,3,2009,2007,1,0,1,1,0
40382350,2,2009,2007,0,0,1,1,0
40387779,2,2009,2007,2,0,1,1,1
40406267,2,2009,2007,1,1,1,1,0
38577937,3,2009,2007,1,1,1,2,0
39591794,3,2009,2007,1,1,1,1,1
39251168,3,2009,2007,1,1,1,2,1
38962000,3,2009,2007,1,1,1,2,0
38472820,3,2009,2006,1,1,2,2,1
40417886,1,2009,2007,1,0,1,1,1
40454662,3,2009,2007,1,0,1,2,0
35355814,3,2009,2004,1,0,1,2,1
34969837,3,2009,2004,1,1,1,3,0
34959687,3,2009,2004,1,1,1,2,1
40470831,2,2009,2007,1,1,1,1,0
34609975,3,2009,2004,0,0,1,2,0
35929971,3,2009,2005,1,1,2,2,1
32321662,3,2009,2002,1,1,1,2,1
39563434,3,2009,2007,1,1,1,1,1
37649471,3,2009,2006,1,1,1,3,1
40521549,1,2009,2007,1,0,1,1,0
38813859,2,2009,2007,1,1,1,1,1
40490415,2,2009,2007,1,0,1,2,0
40535004,3,2009,2007,1,0,1,1,0
40384198,3,2009,2007,1,1,1,2,1
38566895,3,2009,2006,1,1,1,2,1
40493752,3,2009,2007,1,1,1,1,1
41058836,1,2009,2008,1,0,1,1,0
39865622,3,2009,2007,1,1,1,2,0
39865390,3,2009,2007,0,0,1,1,0
40042769,3,2009,2007,1,1,1,2,0
40588239,3,2009,2007,1,0,1,2,0
40601519,2,2009,2005,1,1,1,1,1
34558188,2,2009,2003,1,1,2,1,0
40032634,3,2009,2007,1,1,1,1,0
40342257,3,2009,2007,1,1,1,2,1
40623863,2,2009,2007,1,0,1,1,0
40785550,1,2009,2008,1,0,1,1,0
40032691,3,2009,2007,1,1,1,1,1
39081588,3,2009,2007,1,0,1,1,0
41345997,1,2010,2009,1,0,1,1,0
40666742,3,2009,2007,1,1,2,1,0
41057625,3,2009,2008,1,0,1,2,1
40679036,1,2010,2007,1,0,1,1,1
38006097,3,2009,2005,1,1,2,2,0
40472916,3,2009,2007,1,1,2,1,1
38510334,3,2009,2006,1,1,1,2,1
38962528,1,2010,2007,1,0,1,2,1
41396141,1,2010,2009,1,0,1,1,0
40472130,3,2009,2007,1,1,1,1,0
40621357,2,2009,2007,1,0,1,2,0
40472015,3,2009,2007,1,1,1,1,0
40721861,2,2009,2007,0,0,1,1,0
40718043,2,2009,2007,0,0,1,1,0
40753500,2,2009,2007,1,1,1,1,0
40775156,1,2009,2008,1,0,1,1,1
40225367,3,2009,2007,0,0,1,1,0
38543649,3,2009,2006,1,1,2,2,1
40265972,3,2009,2007,1,1,2,1,0
40902782,1,2009,2008,1,0,1,1,0
40538868,3,2009,2007,1,1,1,2,0
40278632,3,2009,2007,1,1,1,1,1
39645219,3,2009,2007,0,0,1,1,0
40824788,1,2009,2007,2,0,1,1,0
39027518,3,2009,2006,1,1,1,2,1
36933610,3,2009,2005,1,1,1,2,0
40849988,2,2009,2008,0,0,1,1,0
40850776,3,2009,2008,1,1,2,1,0
40278951,3,2009,2008,1,1,1,1,1
40278978,3,2009,2008,1,1,2,1,0
38667500,3,2009,2006,1,0,1,1,0
38846951,3,2009,2006,1,1,1,2,1
38344885,3,2009,2006,1,0,1,3,0
40301416,3,2009,2008,0,0,1,1,0
39767154,3,2009,2008,1,1,2,1,1
40352726,3,2009,2008,1,1,1,2,0
40668462,3,2009,2008,1,1,1,1,1
40931868,2,2009,2008,1,0,1,1,0
39020544,3,2009,2006,1,1,1,2,1
40602351,3,2009,2008,1,1,2,2,1
37683696,3,2009,2005,1,1,1,2,0
40352651,3,2009,2008,1,1,1,2,0
40954403,2,2009,2007,1,1,1,1,0
40954404,2,2009,2008,1,1,1,1,0
40951361,2,2009,2008,1,1,1,1,0
40469918,3,2009,2008,1,0,1,1,0
40352709,3,2009,2008,1,1,1,2,0
40352713,3,2009,2008,1,1,1,2,0
40469814,3,2009,2008,1,1,2,2,1
41009143,2,2009,2004,1,1,1,1,0
41009191,2,2009,2005,1,1,2,1,0
41010423,3,2009,2008,1,1,2,1,0
40456345,3,2009,2008,1,1,1,1,0
40456174,3,2009,2008,1,1,1,1,1
41010471,3,2009,2008,1,1,2,1,0
38778155,3,2009,2006,1,1,1,2,1
40467344,3,2009,2008,1,1,1,2,1
40019714,1,2010,2008,1,0,1,1,0
41010469,3,2009,2008,1,1,1,1,0
41011945,3,2009,2008,1,0,1,1,0
40548680,3,2009,2008,1,1,2,1,1
39364868,3,2009,2006,1,1,2,2,1
40810593,3,2009,2008,1,1,1,1,0
41012222,3,2009,2008,1,1,1,1,0
38666822,3,2009,2006,1,1,1,2,1
40901771,3,2009,2008,1,1,1,1,0
41010297,3,2009,2008,1,1,1,1,0
42060164,1,2010,2008,1,0,1,1,0
34139873,3,2009,2003,1,1,2,2,0
39492648,3,2009,2006,1,1,1,2,1
40565192,3,2009,2008,1,1,1,1,1
39494479,3,2009,2006,0,0,1,2,1
41513061,1,2010,2008,1,0,1,1,0
40379631,3,2009,2008,1,1,2,1,0
39536770,3,2009,2006,1,1,2,1,1
40605235,3,2009,2008,1,1,1,2,1
39968842,2,2009,2007,1,1,2,1,1
40591902,3,2009,2008,1,1,1,1,0
38884885,3,2009,2006,1,1,2,2,1
43416524,1,2011,2009,1,0,1,1,0
39230438,3,2009,2006,0,0,1,2,0
41254219,2,2009,2008,0,0,2,2,0
40518527,2,2009,2006,1,1,1,1,1
41011978,3,2009,2008,1,1,1,1,0
42101840,1,2011,2009,1,0,1,1,0
42226163,1,2010,2008,1,0,1,1,0
41279553,2,2009,2006,1,1,1,1,1
42083878,1,2011,2008,1,0,1,1,1
38565885,3,2009,2006,1,0,1,2,0
41066666,3,2009,2008,1,1,1,1,1
42145313,1,2010,2008,2,0,1,1,0
39674533,3,2009,2007,1,1,2,1,1
40691046,3,2009,2008,1,1,2,1,1
41429463,1,2011,2008,1,0,1,1,1
33304930,3,2009,2003,0,1,1,3,1
38625329,3,2009,2006,1,1,2,1,1
41066699,3,2009,2008,1,1,1,2,0
40654494,2,2009,2007,1,1,1,1,1
41378886,2,2009,2008,1,1,1,1,0
41090371,3,2009,2008,1,1,1,1,0
41066707,3,2009,2008,0,0,1,1,0
42194246,1,2010,2008,2,0,1,1,0
37888154,3,2009,2006,1,0,1,2,0
41112648,3,2009,2008,1,1,1,2,0
35134119,3,2009,2004,1,1,2,2,0
36096722,3,2009,2005,1,0,1,3,0
38981831,3,2009,2006,0,0,1,2,0
41692918,1,2010,2009,1,0,1,1,0
41129212,3,2009,2008,0,0,1,1,0
40786169,3,2009,2008,1,0,1,1,0
41427901,2,2009,2008,1,1,1,1,0
40074827,3,2009,2007,1,1,1,2,1
41128279,1,2010,2009,1,0,1,1,0
41152939,3,2009,2008,1,0,1,2,0
40503817,2,2009,2007,0,0,1,1,0
39673853,3,2010,2007,1,1,1,2,0
37491216,3,2010,2006,1,1,1,2,1
39681656,2,2010,2007,1,1,1,2,0
38198827,2,2010,2007,1,0,1,2,0
41567276,1,2012,2009,1,0,1,1,1
41682710,1,2011,2008,1,0,1,2,1
38309665,3,2010,2006,1,1,1,3,1
41505005,2,2010,2008,1,0,1,1,0
42173280,3,2011,2010,1,0,2,1,0
41572383,1,2010,2009,1,0,1,1,0
41258359,3,2010,2008,1,1,1,2,0
41529649,2,2010,2008,1,1,2,1,1
38814486,3,2010,2006,1,1,1,2,1
40785431,3,2010,2008,1,1,1,2,0
38519700,3,2010,2006,0,0,1,2,0
39428000,3,2010,2007,1,0,1,2,0
39808736,3,2010,2007,1,1,1,2,1
39282460,3,2010,2006,1,1,2,2,0
41258356,3,2010,2008,0,0,1,1,0
40972535,2,2010,2008,0,0,1,1,0
38846415,2,2010,2006,1,1,2,1,1
42668930,3,2011,2010,1,0,1,2,0
42124667,3,2010,2009,1,0,1,2,0
40786860,3,2010,2008,0,0,1,2,0
39808738,3,2010,2007,0,0,1,2,0
40227621,3,2010,2008,1,1,2,2,1
42282582,1,2011,2009,1,1,1,2,1
42931934,3,2011,2010,1,0,1,2,0
42313308,3,2011,2010,1,0,1,2,1
42289680,1,2011,2010,1,0,1,1,0
42356263,1,2011,2009,1,0,1,1,1
41559702,3,2010,2008,1,1,2,1,0
7852685,3,2010,1997,0,1,2,3,1
41608546,2,2010,2008,2,0,1,1,0
41652203,2,2010,2008,0,0,1,1,0
41652204,2,2010,2008,1,0,1,1,0
41653113,2,2010,2008,0,0,1,1,0
38779043,3,2010,2006,1,0,1,2,1
41680515,2,2010,2008,0,0,1,1,0
35721676,2,2010,2004,1,1,1,2,0
39926152,3,2010,2007,1,1,1,2,1
39926153,3,2010,2007,1,1,1,2,1
43535857,1,2012,2009,1,0,1,2,1
42333353,3,2011,2010,1,0,1,2,0
39107009,3,2010,2006,1,1,1,2,1
39855033,3,2010,2007,1,1,1,2,1
39926154,3,2010,2007,1,1,2,2,1
39367323,3,2010,2006,1,1,2,2,0
41707341,1,2011,2008,1,0,1,2,1
42670315,1,2011,2010,1,0,1,1,0
41800810,1,2010,2009,2,0,1,1,0
40765599,3,2011,2008,1,1,1,2,1
42335014,1,2010,2009,1,0,1,1,0
39314392,3,2010,2007,1,1,1,2,1
41064642,3,2010,2008,1,1,1,1,0
41416405,3,2010,2008,1,1,1,1,1
39362977,3,2010,2006,1,0,1,2,0
41066610,3,2010,2008,1,1,1,1,0
41064509,3,2010,2008,0,0,1,1,0
39304522,3,2010,2007,0,0,1,2,0
42668460,3,2011,2010,1,1,1,2,1
41467148,3,2010,2008,1,1,1,1,0
41610985,2,2010,2008,1,0,1,1,0
41799468,3,2010,2008,1,1,2,2,0
40404268,3,2010,2008,1,1,2,1,0
41819496,2,2010,2008,0,1,2,1,0
40291167,3,2010,2008,1,1,2,2,0
38807850,3,2010,2007,0,1,2,2,1
40074870,3,2010,2007,1,1,1,2,0
38015549,3,2010,2006,1,0,1,2,0
41478713,3,2010,2008,1,0,1,2,0
36869901,3,2010,2005,1,0,1,2,0
42674929,1,2010,2009,2,0,1,1,0
42542992,3,2011,2010,1,0,1,1,0
42039710,1,2011,2008,1,0,1,2,1
40075574,3,2010,2007,1,1,1,2,1
40075573,3,2010,2007,1,1,1,2,1
41066590,3,2010,2008,1,1,1,1,0
41162714,3,2010,2008,1,1,1,1,1
42056602,2,2010,2008,1,1,2,1,1
41511245,3,2010,2008,1,1,1,2,0
41797542,3,2010,2008,1,0,1,2,1
39863777,3,2010,2007,1,1,1,2,0
41162692,3,2010,2008,1,1,1,1,1
41259787,3,2010,2008,1,0,2,1,1
40380151,3,2010,2008,0,0,1,2,0
40019140,3,2011,2008,1,0,1,2,1
42979413,1,2012,2009,1,0,1,2,1
39311312,3,2010,2006,0,1,1,2,0
40377457,3,2010,2008,1,1,1,1,1
39760227,3,2010,2007,0,0,1,2,0
40031721,3,2010,2007,1,1,1,2,1
42663923,3,2012,2009,1,0,2,2,1
41203656,3,2010,2008,0,0,2,1,0
40418868,3,2010,2008,1,1,1,2,0
37023957,2,2010,2005,0,1,1,2,1
39276257,2,2010,2006,1,1,1,2,1
41572593,3,2010,2008,1,0,1,1,0
41161329,3,2010,2008,1,1,2,1,1
41161365,3,2010,2008,0,0,1,1,0
43495843,1,2012,2010,1,0,1,2,1
39777423,3,2010,2007,1,0,1,2,0
41631244,3,2010,2008,1,0,1,2,0
41203501,3,2010,2008,1,1,1,1,1
41668280,3,2010,2008,1,1,1,1,1
43088071,1,2011,2010,1,0,1,1,0
41090374,3,2010,2008,0,0,1,2,0
41094440,3,2010,2008,1,1,1,2,0
39359107,2,2010,2006,0,0,1,1,0
41668274,3,2010,2008,1,0,1,1,0
41693018,3,2010,2008,1,0,1,1,0
43608895,2,2010,2007,0,0,1,1,0
39344637,3,2010,2006,1,0,1,2,0
41259894,3,2010,2008,1,1,1,1,0
42130469,2,2010,2008,1,1,2,1,0
41818344,3,2010,2008,1,1,1,1,0
41259854,3,2010,2008,1,1,1,2,0
38657257,3,2010,2006,0,0,1,3,1
42829506,3,2011,2010,1,0,1,2,0
39493537,3,2010,2007,1,0,1,2,1
40260119,3,2010,2007,1,1,1,2,1
41278891,3,2010,2008,0,0,1,1,0
40260118,3,2010,2007,1,1,1,1,1
42165358,2,2010,2009,1,0,1,1,0
41314521,3,2010,2008,1,1,1,1,1
42103018,3,2010,2008,1,1,1,1,0
39943147,3,2010,2007,0,0,1,2,0
40568359,3,2010,2008,0,0,1,2,0
42195532,2,2010,2009,1,1,2,1,0
39146855,3,2010,2007,1,0,1,2,0
42196455,2,2010,2008,0,0,1,1,0
43411505,1,2011,2009,1,0,1,1,1
43003465,1,2011,2010,1,0,1,1,0
36940041,1,2010,2005,1,0,1,2,1
42222101,2,2010,2009,0,1,1,1,0
42196452,2,2010,2008,0,0,1,1,0
41667189,3,2010,2009,1,0,1,1,0
42223602,3,2010,2009,1,1,1,1,0
42223610,3,2010,2009,1,1,1,1,1
40157163,1,2010,2007,1,0,1,2,0
42286657,1,2010,2009,1,0,1,1,0
41508955,3,2010,2008,0,0,1,1,0
42230233,2,2010,2009,1,1,1,1,1
40456581,3,2010,2008,1,1,1,2,0
41707599,2,2010,2008,1,0,1,1,0
40591965,3,2010,2008,0,0,1,2,0
42231268,3,2010,2009,1,1,1,1,0
41353951,3,2010,2008,1,0,1,1,0
41508080,3,2010,2008,1,0,1,1,0
42224566,3,2010,2009,1,1,1,1,0
41707598,2,2010,2008,1,0,1,2,0
42231278,3,2010,2009,1,1,1,1,1
42072911,3,2010,2009,1,1,1,1,0
42222078,3,2010,2009,1,0,1,1,1
42222973,3,2010,2009,1,0,1,1,1
39868676,3,2010,2007,1,1,1,2,1
42184110,3,2010,2008,1,1,1,1,1
39791310,3,2010,2007,0,0,2,2,0
41717370,1,2011,2009,2,0,1,2,1
42222081,3,2011,2009,1,0,1,1,1
42222082,3,2011,2009,1,0,1,1,1
42266386,2,2010,2008,1,1,1,1,1
41509748,3,2010,2008,1,1,1,1,0
43033465,3,2012,2010,1,0,1,2,0
37669465,3,2010,2005,1,0,1,3,0
44624835,1,2012,2010,1,0,1,2,1
42231270,3,2011,2009,1,0,1,1,1
43298229,1,2012,2009,1,0,1,1,1
42222958,3,2011,2009,1,0,1,1,0
41722748,1,2012,2009,1,0,1,2,1
42174574,3,2010,2009,0,0,1,1,0
42124481,3,2010,2009,1,0,1,2,0
42184116,3,2010,2009,1,0,1,2,0
40842335,3,2010,2009,0,0,1,1,0
39986215,3,2010,2007,1,0,1,2,0
42336320,3,2011,2009,1,0,1,2,1
34908870,3,2010,2004,1,1,1,3,1
40526746,3,2010,2007,1,1,1,2,1
42174587,3,2010,2009,1,1,2,1,0
29549829,3,2006,2002,0,1,2,3,1
43382750,1,2012,2009,1,0,1,2,1
40030902,3,2010,2007,1,1,1,2,1
40278957,2,2010,2007,1,1,2,2,0
42034544,3,2010,2009,1,0,1,1,0
42028093,1,2011,2009,2,0,1,1,0
42087881,1,2011,2009,2,0,1,1,0
42555744,2,2010,2009,0,1,1,1,0
42026320,1,2011,2009,2,0,1,1,1
42223598,3,2011,2009,1,0,1,1,1
42222084,3,2011,2009,1,0,1,1,1
40186081,3,2010,2007,1,0,1,2,0
42560068,2,2010,2009,0,1,1,1,1
42560069,2,2010,2009,0,0,1,1,0
42338730,3,2010,2009,1,0,1,2,0
39591988,3,2010,2007,1,0,1,2,0
42223651,3,2011,2009,1,0,1,1,1
42231279,3,2011,2009,1,0,1,1,1
42223547,3,2011,2009,1,0,1,1,1
43734564,1,2012,2009,1,0,1,2,1
42222085,3,2011,2009,1,0,1,1,1
43628470,1,2011,2009,2,0,1,1,1
40591544,3,2010,2007,0,0,1,2,0
42634124,3,2010,2009,1,0,1,1,0
42665802,2,2010,2009,2,0,1,1,0
41718846,3,2010,2009,1,0,1,1,0
36916479,3,2010,2005,1,1,1,2,0
26009137,3,2010,2001,1,0,1,3,1
42072828,3,2010,2009,1,1,1,1,0
42678403,2,2010,2009,0,0,1,1,0
42937421,1,2011,2009,1,0,1,1,0
41255193,3,2010,2008,0,0,1,2,0
42730072,2,2010,2009,1,1,1,1,1
42562384,2,2010,2009,1,0,1,1,0
42222086,3,2011,2009,1,0,1,1,0
40419027,3,2010,2007,0,0,1,2,0
37714317,3,2010,2006,1,0,2,2,0
42034524,3,2010,2009,1,1,2,1,1
38459040,3,2010,2006,1,1,1,2,0
42315657,3,2010,2009,1,0,1,1,0
42084581,3,2010,2009,1,0,1,1,0
42222088,3,2011,2009,1,1,1,2,1
42222974,3,2011,2009,1,0,1,1,1
42222960,3,2011,2009,1,0,1,1,1
42222090,3,2011,2009,1,0,1,1,1
42231271,3,2011,2009,1,0,1,1,1
34679397,3,2011,2004,1,0,2,3,0
7687374,3,2011,2001,1,1,1,3,1
42222959,3,2011,2009,1,0,1,1,1
42222089,3,2011,2009,1,0,1,1,1
42224597,3,2010,2009,1,1,1,2,1
42222091,3,2011,2009,1,0,1,1,1
7641584,3,2011,2000,1,0,2,3,1
33435955,3,2011,2003,1,0,1,3,1
40795202,3,2010,2007,1,1,2,2,0
40560639,3,2010,2007,1,0,1,2,0
42826314,2,2010,2009,1,1,1,1,0
40074599,3,2010,2007,0,0,1,1,0
42783193,2,2010,2009,2,0,1,1,0
40567848,3,2010,2007,1,0,1,2,0
40626084,3,2010,2007,0,0,2,2,0
42222962,3,2011,2009,1,0,1,1,1
34559138,1,2011,2003,1,0,1,2,1
42980418,2,2010,2009,0,1,1,1,1
42553318,3,2010,2009,1,1,1,1,0
42981099,2,2010,2009,1,1,1,1,0
42732855,3,2010,2009,1,1,2,1,1
42934525,3,2010,2009,2,0,1,2,0
42231272,3,2011,2009,1,0,1,1,1
42222970,3,2011,2009,1,0,1,1,1
42222092,3,2011,2009,1,0,1,1,1
42222969,3,2011,2009,1,1,1,1,1
42230231,3,2011,2009,1,0,1,1,1
43857205,1,2011,2009,2,0,1,1,1
40289430,3,2010,2007,1,0,1,1,1
40667156,3,2010,2007,1,1,2,2,0
42992829,3,2010,2009,1,0,1,2,0
40600122,3,2010,2007,1,0,1,2,0
42981100,3,2010,2009,1,0,1,2,0
42980419,2,2010,2009,1,0,1,1,0
42231273,3,2011,2009,1,0,1,2,1
42231275,3,2011,2009,1,0,1,1,1
42222966,3,2011,2009,1,0,1,1,1
42231274,3,2011,2009,1,0,1,1,1
7700862,3,2010,2001,0,1,2,3,1
42263364,3,2010,2008,1,0,1,2,0
42222093,3,2011,2009,1,0,1,1,1
43853267,1,2011,2009,1,0,1,1,1
42230232,3,2011,2009,1,0,1,1,1
42224503,3,2010,2009,1,0,1,1,0
42224495,3,2010,2009,1,0,1,1,0
40689521,3,2010,2007,1,0,1,2,1
40511198,2,2010,2007,1,1,1,2,1
40283433,3,2010,2007,1,1,2,1,1
41466366,3,2010,2008,1,0,1,2,1
40911967,1,2011,2009,1,0,1,1,0
40377585,3,2010,2007,1,0,1,2,0
42734802,3,2010,2009,1,1,1,1,1
37668336,3,2010,2005,1,0,1,2,0
43759729,1,2011,2009,1,0,1,1,0
43124083,2,2010,2009,1,0,1,1,0
41559457,3,2010,2009,1,0,1,2,0
42286472,3,2010,2009,1,0,1,1,0
43124655,2,2010,2009,1,0,1,1,0
40900786,3,2010,2008,0,0,1,2,0
42811314,3,2010,2009,1,1,2,1,0
43125359,3,2010,2009,1,1,1,2,0
40228866,3,2010,2007,1,0,1,2,0
40679039,3,2010,2007,1,0,1,2,0
40679038,3,2010,2007,1,1,2,2,1
41433796,3,2010,2008,1,0,1,2,1
39560848,2,2010,2007,1,0,1,2,0
41361319,3,2010,2009,1,1,1,1,0
43220439,2,2010,2009,0,1,1,1,0
43221132,3,2010,2009,1,1,1,2,1
41016447,2,2010,2008,1,0,1,1,0
42113917,2,2010,2009,1,0,1,2,0
40913342,3,2010,2008,0,0,1,2,0
43262612,3,2010,2009,1,1,1,1,1
43608613,1,2011,2010,1,0,1,1,0
44307305,1,2011,2010,1,0,1,1,0
40263300,3,2010,2007,1,0,1,2,0
43085385,2,2010,2009,0,0,1,2,0
43305785,2,2010,2009,0,0,1,1,0
42263363,3,2010,2008,1,0,1,2,0
43353624,2,2010,2009,1,0,2,1,0
42551688,3,2010,2009,1,0,1,1,0
42289039,3,2010,2009,1,1,1,2,0
40316337,3,2010,2007,1,0,1,2,0
43305784,2,2010,2009,1,0,1,1,0
43357025,2,2010,2009,1,0,1,1,0
43379853,3,2010,2009,1,1,1,1,1
39204124,3,2010,2008,1,0,1,2,0
41426352,3,2010,2009,0,0,1,2,0
43086942,3,2010,2009,1,0,1,2,0
41406959,1,2012,2009,1,0,1,1,1
42167470,1,2012,2009,1,0,1,2,1
43386853,3,2010,2009,1,0,1,2,0
43411402,2,2011,2009,2,0,1,1,0
43412211,3,2011,2009,1,1,1,2,1
39865724,3,2011,2007,1,1,1,2,1
39768621,3,2011,2008,0,0,1,3,0
40795935,3,2011,2007,1,0,1,2,0
39868708,3,2011,2007,1,1,2,2,1
42222080,2,2011,2009,1,1,2,2,0
40847170,3,2011,2008,1,0,1,2,0
43426895,2,2011,2009,1,1,1,1,0
42542693,3,2011,2009,1,0,1,1,0
43302976,3,2011,2009,1,1,2,2,0
43450105,3,2011,2009,1,1,1,2,1
41412306,3,2011,2008,1,0,1,2,0
43411758,2,2011,2009,0,0,1,1,0
40953006,3,2011,2008,1,0,1,2,0
42613887,3,2011,2009,1,1,1,1,1
44624981,1,2012,2010,1,0,1,2,1
35079222,3,2011,2005,1,0,1,2,1
41721228,3,2011,2008,1,0,1,2,0
43496816,2,2011,2009,1,0,1,1,0
43497461,2,2011,2009,1,0,1,1,0
41412291,3,2011,2008,1,0,1,2,0
43496601,2,2011,2009,2,0,1,1,0
41716934,1,2012,2009,1,0,1,2,1
42309639,3,2011,2009,1,0,1,1,0
41198682,3,2011,2008,1,0,1,2,0
41198808,2,2011,2008,0,0,1,2,0
42970194,3,2011,2009,1,1,1,2,0
41716942,1,2012,2009,1,0,1,2,1
41416439,3,2011,2008,1,1,1,2,0
41199707,2,2011,2008,1,0,1,1,0
40898448,2,2011,2008,0,0,1,1,0
43534956,2,2011,2009,0,0,1,1,0
43534957,2,2011,2009,0,0,1,1,0
40352370,3,2011,2008,0,0,1,2,0
43534248,3,2012,2009,1,0,1,2,1
42990126,3,2011,2009,1,0,1,2,0
40936293,3,2011,2008,1,0,1,2,0
43588695,2,2011,2009,0,0,1,1,0
43588696,2,2011,2009,0,0,1,1,0
40901314,3,2011,2008,0,0,1,2,0
34957948,3,2011,2007,1,1,1,2,1
38935921,3,2011,2006,1,0,1,2,0
40504459,2,2011,2008,1,0,2,2,0
43386192,3,2011,2009,1,1,1,2,0
41091022,3,2011,2008,1,1,1,2,0
43302378,3,2011,2009,0,0,1,1,0
42542714,3,2011,2009,0,0,1,2,0
40591372,3,2011,2007,1,0,1,2,0
43605994,2,2011,2009,1,0,1,1,0
43027651,3,2011,2009,1,1,2,1,1
42830750,3,2011,2009,1,0,1,2,0
42059741,3,2011,2008,1,1,2,2,1
34737118,2,2011,2004,1,1,2,3,0
40298698,3,2011,2008,1,0,1,2,0
40718543,3,2011,2007,1,1,1,2,1
43627775,1,2012,2009,1,0,1,1,1
38517025,3,2011,2006,1,1,2,3,1
41064784,3,2011,2008,0,0,1,2,0
43647916,2,2011,2009,0,1,1,1,0
43597049,3,2011,2009,1,0,1,2,0
42987695,3,2011,2009,1,1,2,1,1
43755971,2,2011,2009,1,0,1,1,0
43755974,2,2011,2009,0,0,1,1,1
43756766,2,2011,2009,1,0,1,1,0
43756772,2,2011,2009,1,0,1,1,0
43530378,3,2011,2009,1,1,2,1,1
43123516,3,2011,2009,1,1,1,2,0
41056401,3,2011,2008,1,0,1,2,0
43779451,3,2011,2010,0,0,1,1,0
42984058,3,2011,2009,0,0,1,1,1
43297394,3,2011,2009,1,0,1,2,0
42040440,3,2011,2009,0,0,1,2,0
33441310,3,2011,2003,0,0,1,3,0
43854229,3,2011,2009,1,1,1,2,1
39313563,3,2011,2006,1,0,1,2,0
42106341,3,2011,2008,1,1,1,2,0
43876520,3,2011,2009,0,0,1,1,0
41412308,3,2011,2008,1,1,1,2,0
43898588,2,2011,2009,0,0,1,1,0
42309913,3,2011,2009,1,0,1,2,0
43385733,3,2011,2009,1,0,1,1,0
43928279,3,2011,2010,1,1,1,1,0
42032723,3,2011,2009,1,0,1,2,0
40801603,3,2011,2007,1,0,1,2,0
43778525,3,2011,2009,1,0,1,2,0
40795199,3,2011,2007,1,0,1,2,0
43991677,1,2012,2009,1,0,1,1,1
40387899,3,2011,2007,1,1,2,2,1
40874086,3,2011,2008,0,0,1,2,0
43503075,2,2011,2009,1,0,1,1,0
40090342,3,2011,2007,1,0,1,2,0
44011948,3,2011,2010,1,1,1,1,1
43356786,2,2011,2009,0,0,1,1,0
37310392,3,2011,2006,1,0,1,2,0
42197712,3,2011,2009,0,0,1,2,0
42138767,3,2011,2009,0,0,1,2,0
43501157,3,2011,2009,1,1,2,1,0
43992121,3,2011,2009,1,1,2,2,1
42128630,3,2011,2008,1,0,1,2,0
44065883,1,2012,2009,1,0,1,1,1
43598138,3,2011,2009,1,1,2,1,0
43736218,3,2011,2009,0,0,1,1,0
44081267,3,2011,2010,1,1,2,1,0
44081269,2,2011,2009,0,0,1,1,0
43708926,3,2011,2009,1,1,1,1,0
43795199,3,2011,2009,1,0,1,2,0
40130335,2,2011,2007,0,0,1,1,0
44082210,3,2011,2010,0,0,1,1,0
43615292,3,2011,2009,1,1,2,1,0
43608629,3,2011,2009,1,1,1,2,1
43902831,3,2011,2009,1,1,1,1,1
44141427,3,2011,2010,1,0,1,2,0
44142068,3,2011,2010,1,1,2,1,1
44142069,2,2011,2010,1,1,2,2,0
44142071,2,2011,2010,0,0,1,2,0
44142073,2,2011,2010,0,0,1,1,0
44142074,2,2011,2010,1,1,2,2,1
44142075,3,2011,2010,1,1,2,1,1
44142076,3,2011,2010,1,1,1,1,1
44142077,3,2011,2010,1,1,1,1,0
41381988,2,2011,2008,1,0,1,1,0
44142081,3,2011,2010,1,1,1,1,0
44142084,3,2011,2010,1,1,1,1,0
44143104,3,2011,2010,1,1,2,2,0
44143113,3,2011,2010,0,0,1,2,0
44143115,3,2011,2010,1,1,1,1,0
44143116,2,2011,2010,1,1,1,2,0
44143117,2,2011,2010,1,1,1,1,0
44143120,2,2011,2010,1,1,1,2,0
42333436,3,2011,2009,0,0,1,2,0
41318448,3,2011,2008,1,0,1,2,0
44143122,2,2011,2010,1,0,1,2,0
44143124,3,2011,2010,0,0,1,1,0
44143128,2,2011,2010,1,1,1,2,0
42355728,3,2011,2009,1,0,1,2,0
44143131,2,2011,2010,1,1,1,2,0
41566520,3,2011,2008,0,0,1,2,0
44143144,3,2011,2010,1,1,1,1,0
44143814,3,2011,2010,0,0,1,1,0
44143815,3,2011,2010,1,1,2,2,0
40715459,3,2011,2008,1,0,1,2,0
43446815,2,2011,2009,1,0,1,1,1
44140840,3,2011,2009,0,0,1,2,0
42244700,3,2011,2009,1,1,1,2,0
41319049,3,2011,2008,0,0,2,2,0
44151371,2,2011,2009,1,1,1,1,0
39760880,3,2011,2007,1,0,1,2,0
43836825,3,2011,2009,0,0,1,1,0
42260319,3,2011,2009,0,0,1,2,0
41668785,3,2011,2008,0,0,1,2,0
39852174,3,2011,2008,0,0,1,2,0
43927675,3,2011,2008,1,0,1,2,0
44187794,2,2011,2009,0,0,1,1,0
44224261,3,2011,2010,1,1,1,2,1
43618115,3,2011,2010,1,0,2,1,0
44257962,2,2011,2010,1,1,2,1,0
42461443,3,2011,2010,1,0,1,2,0
41399289,3,2011,2008,1,0,1,2,0
41136950,3,2011,2008,1,1,1,2,1
40578113,3,2011,2008,1,0,2,2,0
42073949,3,2011,2008,1,0,1,2,0
41009904,3,2011,2008,1,0,1,1,0
41051107,3,2011,2008,0,0,1,2,0
41466370,3,2011,2008,1,0,2,2,0
43603043,3,2011,2009,1,0,1,2,0
42073164,3,2011,2008,1,0,1,1,0
41227060,2,2011,2008,0,0,1,1,0
42935828,3,2011,2009,1,0,1,2,0
44340938,3,2011,2010,1,1,1,2,1
42309940,3,2011,2009,1,0,1,2,0
42316549,3,2011,2009,1,0,1,2,0
44341841,2,2011,2010,0,0,1,1,0
44353095,3,2011,2010,1,1,2,2,0
41664021,3,2011,2008,1,0,1,2,0
42120010,2,2011,2008,0,0,2,1,0
44475866,3,2011,2010,1,1,1,2,1
44475867,2,2011,2010,0,0,1,1,0
44475868,3,2011,2010,1,0,1,2,0
44476629,3,2011,2010,0,0,1,1,0
39708012,3,2011,2007,1,1,1,2,1
40795198,3,2011,2007,1,0,1,2,1
42073700,3,2011,2008,0,0,1,2,0
44505361,3,2011,2010,1,1,1,1,0
44505366,2,2011,2010,0,0,1,1,0
44366927,3,2011,2010,1,1,1,2,0
43797857,3,2011,2009,1,0,1,2,0
44530664,2,2011,2010,0,0,1,1,0
44544081,2,2011,2010,1,0,1,1,0
40607009,3,2011,2008,0,0,1,2,0
44560162,3,2011,2010,0,0,1,1,0
44560164,3,2011,2010,0,0,1,1,0
41669380,3,2011,2008,1,0,1,2,0
44647405,2,2011,2010,1,0,1,1,0
42083879,3,2011,2008,0,0,1,2,0
44708737,2,2011,2010,1,0,1,1,0
42341746,3,2011,2009,1,1,1,2,0
42225458,3,2011,2008,1,0,1,2,0
42234709,3,2011,2009,1,0,1,2,0
39431463,3,2011,2006,1,1,1,2,0
44777598,2,2011,2010,1,0,1,1,0
43355993,3,2011,2009,1,0,1,2,0
42316653,2,2011,2009,1,0,1,2,0
44063760,3,2011,2010,1,0,1,1,0
40790464,3,2011,2008,0,0,1,2,0
44303565,3,2011,2010,1,1,1,2,1
44304866,3,2011,2009,0,0,2,2,0
44117631,3,2011,2010,0,0,2,1,0
44522480,3,2011,2010,0,0,1,1,0
44858388,3,2011,2010,1,1,1,1,1
43010048,2,2011,2010,0,0,1,2,0
42083880,3,2011,2008,0,0,1,2,0
42119742,3,2011,2008,1,0,1,1,0
42396102,3,2011,2009,0,0,1,2,0
39597613,3,2011,2007,0,0,1,2,0
42316511,3,2011,2009,0,0,1,2,0
42633548,3,2011,2009,1,1,1,2,1
40847880,3,2011,2008,0,0,1,2,0
33547553,3,2011,2003,0,0,1,1,0
45022290,2,2011,2010,1,1,1,2,1
45003479,2,2011,2010,1,1,1,2,1
44065541,3,2011,2010,1,0,1,1,0
44366931,3,2011,2010,1,1,1,2,1
43607257,3,2011,2009,1,0,2,2,0
44366930,3,2011,2010,1,0,1,2,0
42338723,3,2011,2009,1,0,2,2,0
38219481,3,2011,2006,1,1,2,2,0
44482612,3,2011,2010,1,1,1,2,1
42269147,3,2011,2008,0,0,1,2,0
44355105,3,2011,2010,1,0,1,2,0
42198572,3,2011,2008,0,0,1,1,0
44798101,3,2011,2010,1,1,1,2,1
42710056,3,2011,2009,0,0,1,2,0
40352563,3,2011,2008,1,0,1,2,0
44520504,3,2011,2010,1,1,1,2,1
44652096,3,2011,2010,1,0,1,1,0
42077869,3,2011,2009,1,0,1,2,0
44366926,3,2012,2010,1,0,1,2,1
42237420,3,2012,2009,0,0,1,2,0
41566767,3,2012,2008,1,0,1,2,0
42562035,2,2012,2009,1,0,1,2,0
41080785,2,2012,2009,0,0,1,1,0
40639967,3,2012,2009,1,0,1,2,0
37481438,3,2012,2005,1,0,1,2,1
42243684,3,2012,2009,0,0,1,2,0
42982246,3,2012,2009,1,0,1,2,1
42220847,3,2012,2008,1,0,1,2,0
42779530,3,2012,2009,1,0,1,2,0
42663870,3,2012,2009,1,0,1,2,0
42781597,3,2012,2009,0,0,1,2,0
42633442,3,2012,2009,0,0,1,1,0
42741564,3,2012,2009,0,0,1,2,0
42647364,3,2012,2009,0,0,1,2,0
43028578,3,2012,2009,1,0,1,2,0
41327653,3,2012,2009,1,0,1,2,0
42562380,3,2012,2009,1,0,1,2,0
42119755,3,2012,2008,0,0,1,2,0
41008932,3,2012,2009,0,0,1,2,0
41134545,3,2012,2009,1,0,1,2,0
43032611,3,2012,2009,1,0,1,2,0
41631967,3,2012,2008,1,0,1,2,0
42238705,3,2012,2009,0,0,1,1,0
41020847,3,2012,2009,0,0,1,2,0
43222813,3,2012,2009,1,0,1,2,0
42993679,3,2012,2009,1,0,1,2,0
43125771,3,2012,2009,0,0,1,2,0
35727139,3,2012,2004,1,0,1,2,1
40792049,3,2012,2009,1,0,1,2,0
41401822,3,2012,2009,1,0,1,2,0
42831082,3,2012,2009,1,0,2,2,0
42260376,2,2012,2009,1,0,1,2,0
40548247,3,2012,2009,1,0,2,2,0
40639923,3,2012,2009,1,0,1,2,0
42932245,3,2012,2009,0,0,1,2,0
40774967,3,2012,2009,1,0,1,2,0
42102376,3,2012,2009,1,0,1,2,0
42320324,3,2012,2009,0,0,1,2,0
44318287,3,2012,2010,1,0,1,2,0
43499617,2,2012,2009,1,0,1,1,0
43448163,3,2012,2009,1,0,1,2,0
41667475,3,2012,2009,1,0,2,2,0
42166017,3,2012,2008,0,0,1,2,0
42670647,2,2012,2009,1,0,1,1,0
43627428,3,2012,2009,1,0,1,1,0
38170014,3,2012,2006,1,0,1,2,1
43410512,3,2012,2009,1,0,1,2,0
43495159,3,2012,2009,1,0,2,2,0
40637575,3,2012,2009,1,0,1,2,0
41664598,3,2012,2009,1,0,1,2,0
42728864,3,2012,2009,0,0,1,2,0
39401353,2,2012,2006,0,0,1,2,0
43448268,3,2012,2009,1,0,1,2,0
43304664,3,2012,2009,1,0,1,2,0
43302908,3,2012,2009,1,0,1,1,0
37571844,3,2012,2006,1,0,1,2,1
44597066,2,2012,2010,1,1,1,2,1
39930325,3,2012,2008,1,0,1,2,0
41600742,3,2012,2009,0,0,1,2,0
41129733,3,2012,2009,1,0,1,2,0
43217718,3,2012,2009,0,0,1,2,0
43217949,3,2012,2009,1,0,1,2,0
43734403,3,2012,2009,1,0,1,2,0
43126566,3,2012,2009,0,0,1,2,0
43382370,3,2012,2009,1,0,1,2,0
43525114,3,2012,2009,1,0,1,2,0
43880324,3,2012,2009,0,0,1,2,0
42614281,3,2012,2009,0,0,1,2,0
43428648,3,2012,2009,1,0,2,2,0
43827370,2,2012,2009,1,0,1,1,0
42562976,3,2012,2009,1,0,1,2,0
43796282,3,2012,2009,0,0,1,1,0
43586700,3,2012,2009,0,0,1,1,0
43992142,3,2012,2009,1,0,1,2,0
43628472,3,2012,2009,0,0,1,2,0
37481288,3,2012,2005,1,0,1,2,0
43843077,3,2012,2009,1,0,1,2,0
43992133,3,2012,2009,1,0,1,1,0
41460120,3,2012,2009,1,0,1,2,0
42941953,3,2012,2009,1,0,1,2,0
43243047,3,2012,2009,1,0,1,2,0
44196243,3,2012,2009,1,0,1,2,0
33435055,3,2012,2003,1,1,1,2,1
44167744,3,2012,2009,0,0,1,2,0
43969832,3,2012,2009,1,0,1,2,0
41572690,3,2012,2009,1,0,1,2,0
42105645,3,2012,2009,1,0,1,2,0
44066979,3,2012,2009,1,0,1,2,0
43758659,3,2013,2009,1,0,1,2,0
