appln_id,appln_auth,docdb_family_id,YR_PUB,SQ_APLS,CA_GRANT,REGION,SQ_SCOPE,LN_FAMSIZE,CA_NPL
35835,EP,38222676,2008,2,0,1,1,1,0
57533,EP,39156541,2008,1,0,1,1,1,0
57543,EP,39577397,2008,1,0,1,1,1,0
70636,EP,39951447,2009,1,0,1,1,1,0
86022,EP,40304948,2009,1,0,1,2,1,0
134774,EP,37734774,2007,1,0,1,1,1,1
216796,EP,8180897,2003,1,0,1,1,1,0
251266,EP,34353430,2005,1,1,1,1,2,0
274873,EP,35789234,2007,1,1,1,1,2,1
296868,EP,30010680,2004,1,1,1,1,1,0
301736,EP,34399758,2005,1,1,1,1,2,0
343321,EP,35464091,2007,1,1,1,1,2,0
363306,EP,34934229,2006,1,1,1,1,1,1
390428,EP,29415152,2003,1,0,1,1,1,0
391739,EP,37776596,2008,1,0,1,1,1,0
394321,EP,26055277,2001,1,1,1,2,2,1
445024,EP,29285673,2003,1,0,1,1,1,0
464807,US,38460983,2008,1,0,2,2,1,0
464809,US,39575569,2008,1,1,2,2,1,1
15628401,EP,7697689,2003,1,0,1,1,1,0
15636220,EP,28050790,2003,1,0,1,1,1,0
15636312,EP,28050863,2003,3,0,1,1,1,0
15637806,EP,29413788,2003,1,0,1,1,2,0
15642339,EP,34203138,2005,1,0,1,1,1,0
15710451,EP,18130821,2001,1,1,2,1,2,3
15710539,EP,7900155,2000,1,1,1,1,1,0
15754090,EP,8094193,2002,1,0,1,1,1,1
15769522,EP,8097738,2002,1,0,1,1,1,1
15784666,EP,8310280,2003,1,0,1,1,2,1
15805571,EP,7632792,2001,1,0,1,1,1,0
15814215,EP,7647085,2002,1,0,1,1,1,2
15822813,EP,7662857,2002,1,0,1,2,1,0
15831676,EP,27419396,2003,1,0,1,1,1,1
15854738,EP,7936775,2002,1,1,1,1,2,1
15857120,EP,29720179,2004,1,0,1,1,1,1
15858229,EP,19910952,2003,1,0,1,2,2,1
15907586,EP,11458889,2002,1,1,1,1,2,1
15912482,EP,7695161,2003,1,0,1,1,1,0
15914102,EP,7961146,2003,1,1,1,1,2,0
15936759,EP,8496468,2002,1,0,1,1,1,1
15938277,EP,27675811,2003,1,0,1,1,1,1
15950662,EP,7680654,2004,1,1,1,2,2,1
15957135,EP,8160449,2004,1,1,1,1,2,1
15979995,EP,7704364,2004,1,0,1,1,1,1
15990722,EP,26246824,2004,1,1,1,2,2,1
16001403,EP,28799102,2003,1,0,1,1,1,1
16001404,EP,28799100,2003,1,1,1,1,2,0
16001405,EP,28799101,2003,1,0,1,1,1,1
16008853,EP,31984389,2004,1,0,1,1,1,0
16027149,EP,34486439,2005,1,0,1,1,1,2
16028486,EP,29595354,2004,1,0,1,1,1,0
16030884,EP,39167923,2005,1,1,1,1,1,0
16051253,EP,35874460,2006,1,0,1,0,1,2
16092826,EP,32864376,2004,1,0,1,1,1,0
16093358,EP,32864375,2004,1,0,1,1,1,0
16104220,EP,34353399,2005,1,1,1,1,2,0
16109431,EP,34530352,2005,1,1,1,1,2,0
16144680,EP,9957992,2006,1,0,1,1,2,1
16149768,EP,33427410,2006,1,0,1,1,2,1
16199806,EP,35344643,2006,1,1,1,1,1,0
16250353,EP,34970368,2007,1,1,1,1,2,1
16259807,EP,35746213,2008,1,1,1,1,3,1
16288880,EP,36121303,2006,1,0,1,1,1,0
16291643,EP,35853942,2007,1,0,1,1,1,0
16293662,EP,35404798,2007,1,1,1,1,1,0
16294654,EP,35502293,2007,1,1,1,2,2,1
16296092,EP,36869906,2007,1,0,1,1,1,0
16297945,EP,37076124,2007,1,1,1,1,2,0
16302013,EP,37671968,2007,1,0,1,1,1,0
16323144,EP,34112651,2006,1,0,1,1,1,0
16323145,EP,34385055,2006,1,0,1,1,1,0
16323156,EP,35458772,2007,1,0,1,1,1,0
16381643,EP,38967797,2008,1,0,1,1,1,0
16382679,EP,38669878,2008,1,0,1,1,1,0
16390575,EP,39267901,2008,1,1,1,1,2,1
16397922,EP,38984200,2008,1,0,1,1,1,0
16398469,EP,38739430,2008,1,0,1,1,1,0
16406519,EP,38995149,2008,1,0,1,1,1,0
16407470,EP,39590397,2009,1,0,1,1,1,0
16414514,EP,39496168,2009,1,0,1,1,1,0
16418269,EP,39719277,2008,1,0,1,1,1,0
17463832,EP,33039099,2004,2,0,1,1,1,0
17464523,EP,33394310,2004,2,0,1,1,2,0
17502261,EP,34854339,2006,1,0,1,1,1,0
17503583,EP,36729332,2006,2,0,1,1,1,0
17509197,EP,37622008,2007,2,0,1,2,1,0
17510507,EP,35853075,2007,1,0,1,1,1,0
17531888,EP,39338983,2008,2,0,1,1,1,0
45452228,US,8495916,2002,1,1,1,1,2,0
45555430,US,26053718,2004,1,1,2,1,3,2
45556981,US,39530965,2008,1,1,2,2,1,5
45709432,US,34192527,2005,1,0,1,1,1,0
45750976,US,29719109,2005,0,1,2,1,2,0
45761353,US,39577326,2008,1,1,2,1,2,0
45810371,US,35520062,2008,1,1,2,2,2,7
45821947,US,36118067,2006,1,1,2,1,2,5
45823573,US,39667111,2008,1,1,1,1,1,0
45831656,US,36118097,2006,1,1,2,1,2,4
45849725,US,21780855,2004,1,1,1,1,1,0
45890628,US,34530405,2005,1,1,2,2,2,0
45892252,US,7913058,2003,1,1,2,1,3,4
45907137,US,35809647,2006,1,1,2,1,1,1
45936938,US,38608871,2008,1,0,2,1,2,0
46198501,US,21894182,2003,1,0,1,1,1,0
46240152,US,21907529,2003,1,1,2,1,3,0
46443421,US,34650813,2005,1,1,2,1,2,0
46747465,US,39685195,2008,1,1,1,2,1,0
46758396,US,34746184,2005,0,1,2,1,1,1
46760225,US,39645840,2008,1,1,2,1,2,0
46932863,US,36407933,2006,1,1,2,1,2,1
47116164,US,8104813,2006,1,1,2,2,3,0
47162967,US,26783507,2003,1,0,1,1,1,0
47649477,US,7925269,2003,1,1,2,1,2,0
47654691,US,34935212,2005,1,0,2,1,1,0
47675655,US,8157165,2003,1,1,2,1,2,2
47918715,US,34936138,2005,1,1,2,1,1,0
47927575,US,7682117,2003,1,1,2,1,1,0
47958541,US,35799306,2006,1,1,1,2,1,0
48010041,US,20417849,2005,1,1,2,1,3,0
48145305,US,37402106,2006,0,0,1,1,2,0
48173341,US,8159753,2003,1,1,2,1,2,0
48248184,US,29731844,2003,1,1,1,1,1,2
48297103,US,37909986,2007,0,0,1,2,1,0
48311569,US,29583721,2003,1,1,2,1,2,0
48312574,US,29710348,2003,0,1,1,1,1,1
48340876,US,34937742,2006,1,1,2,1,1,1
48345283,US,7934482,2003,1,1,2,1,3,1
48345476,US,7934557,2004,1,1,2,1,3,0
48481352,US,36764595,2007,1,1,2,1,1,0
48541321,US,37693506,2007,1,1,1,1,1,1
48556262,US,32922153,2006,1,1,2,1,2,1
48571560,US,26009718,2003,1,0,2,1,2,0
48638105,US,8159301,2003,1,1,2,1,2,2
48674419,US,31187021,2004,1,1,1,1,1,1
48747697,US,37027500,2006,1,1,2,1,1,3
48789318,US,37441907,2007,1,1,2,1,2,1
48791932,US,37854337,2007,0,1,1,1,1,0
48794461,US,26918424,2003,1,1,1,1,1,0
48800332,US,7696033,2003,1,1,2,1,2,0
48808270,US,7696219,2003,1,1,2,1,1,0
48922393,US,36928409,2007,1,1,2,1,2,0
48932101,US,7637663,2003,1,1,2,1,2,0
48939261,US,31991262,2004,1,0,1,1,1,0
48988390,US,37665466,2007,1,0,2,1,2,0
49003319,US,37311884,2007,1,1,2,1,2,0
49012353,US,34926988,2006,1,1,2,1,1,2
49032275,US,31993101,2004,0,1,1,1,1,0
49154646,US,32042844,2004,1,1,1,1,1,0
49189205,US,32092555,2004,1,0,1,1,1,0
49205703,US,32092827,2004,1,0,1,1,1,0
49216122,US,35448152,2006,1,1,2,1,2,4
49220782,US,20279517,2004,1,0,1,1,2,0
49222913,US,7641030,2003,1,1,2,1,3,0
49227627,US,7641891,2003,1,1,2,1,3,2
49275544,US,37074201,2007,1,1,2,1,1,3
49324187,US,37560923,2007,1,0,2,1,1,0
49334696,US,37873336,2007,1,1,2,1,2,2
49383089,US,37672449,2007,1,1,2,1,1,0
49384714,US,38118934,2007,1,1,1,1,2,1
49391534,US,32587986,2003,1,1,1,1,1,0
49488652,US,38337032,2007,1,1,1,2,1,0
49607833,US,27598276,2003,1,1,1,1,1,2
49656372,US,35589532,2006,1,0,2,1,1,0
49680645,US,7647633,2004,0,1,2,2,3,0
49681327,US,7648210,2003,1,1,2,1,2,9
49700389,US,38197650,2007,1,1,2,1,1,6
49734108,US,27532070,2006,1,1,2,2,2,0
49753323,US,38286555,2007,1,1,1,2,1,2
49802503,US,32319513,2004,1,1,1,2,1,0
49964186,US,38366946,2007,0,0,1,1,1,0
50033452,US,32771011,2004,1,1,1,1,1,3
50035905,US,32771043,2004,1,1,1,1,1,2
50236117,US,38134496,2007,1,1,2,1,1,3
50383035,US,38517024,2007,1,1,1,1,1,1
50446336,US,8092632,2001,1,1,2,1,2,10
50465603,US,27805233,2003,1,1,2,2,2,4
50539095,US,35452679,2005,1,1,1,1,1,5
50649189,US,37187106,2006,1,1,1,1,1,0
50742981,US,38051815,2007,1,1,2,1,1,0
50756686,US,38015725,2007,1,1,2,0,1,0
50760664,US,38514238,2007,1,1,2,1,1,0
50784428,US,38283286,2007,1,1,2,1,1,1
50807477,US,38875816,2008,1,1,1,1,1,0
50808383,US,28798968,2004,1,1,2,1,2,0
50808663,US,38261594,2008,1,1,2,1,1,1
50811034,US,37022124,2007,0,0,1,1,1,0
50843709,US,7664328,2004,0,1,2,1,3,0
50893601,US,29271595,2005,0,0,2,1,1,0
50898977,US,33417860,2004,1,1,1,2,1,0
50941526,US,7837740,2002,1,1,2,1,3,1
50988266,US,19156703,2004,1,1,1,1,2,0
50991485,US,38822197,2007,1,0,1,1,1,0
51046176,US,29715422,2003,1,1,1,1,1,5
51084385,US,7836808,2002,1,1,2,1,3,0
51106706,US,11042197,2004,1,0,1,1,1,0
51121828,US,7675751,2004,0,1,2,1,3,0
51140534,US,7673596,2004,1,0,2,1,3,0
51144515,US,7677928,2004,1,1,2,1,3,4
51145531,US,7677929,2004,0,1,2,1,3,0
51157298,US,7679374,2004,0,1,2,1,3,6
51177710,US,7682248,2004,0,1,1,1,1,9
51208442,US,37011542,2007,1,1,2,2,1,0
51211892,US,7687372,2004,0,1,2,1,3,0
51221987,US,26009545,2004,0,1,2,2,3,0
51257773,US,36998545,2007,1,1,1,1,2,0
51273546,US,7696580,2004,0,1,2,2,3,0
51284667,US,33515012,2006,1,1,2,1,3,0
51284717,US,33514968,2006,1,1,2,2,2,0
51290122,US,32303311,2004,0,1,2,1,2,0
51298515,US,23266785,2005,1,1,2,1,2,3
51361863,US,7710172,2006,1,1,2,2,2,1
51389578,US,27741484,2005,1,1,2,1,2,0
51433785,US,28050789,2005,1,1,2,1,2,0
51462683,US,29267358,2005,1,1,2,2,2,0
51465296,US,29264853,2005,1,1,2,1,2,0
51465322,US,29265837,2006,1,1,2,2,2,2
51529235,US,31185862,2006,1,1,2,2,3,4
51534408,US,29796368,2006,1,1,2,2,2,9
51578453,US,34961759,2007,1,1,2,2,3,0
51598162,US,36869917,2007,1,1,2,1,2,0
51604979,US,3522570,2002,1,1,2,1,2,0
51606489,US,36928256,2007,1,1,2,2,2,1
51620381,US,24123051,2002,1,1,1,1,1,0
51623356,US,37567596,2006,1,1,1,1,1,0
51647488,US,35840322,2007,1,1,2,2,1,0
51648178,US,38761231,2008,1,1,2,1,1,0
51659990,US,32668617,2006,1,1,2,1,2,0
51668197,US,32708399,2006,1,1,1,2,2,0
51669071,US,37669295,2007,1,1,2,2,2,2
51684627,US,32480341,2006,1,1,2,1,2,0
51688608,US,32519827,2006,1,1,2,1,2,6
51688876,US,32694867,2006,1,1,2,1,2,1
51692882,US,32865083,2007,1,1,2,2,1,3
51722943,US,32910021,2006,1,1,2,1,2,6
51726217,US,9953844,2006,1,1,2,2,2,4
51766414,US,39156248,2008,0,0,2,1,1,0
51778384,US,33300065,2006,1,0,1,1,1,0
51788342,US,35320281,2007,1,0,2,1,1,0
51794814,US,33426916,2007,1,1,2,1,2,0
51800418,US,33039175,2006,1,1,2,2,2,1
51834545,US,33550481,2006,1,1,2,2,2,0
51883770,US,39262797,2008,0,1,2,2,1,0
51886505,US,34177692,2006,1,1,2,1,2,0
51888594,US,34129838,2008,1,1,2,2,3,5
51889014,US,34315649,2007,1,1,2,1,2,0
51903487,US,33186211,2007,0,0,2,1,2,0
51905489,US,34276543,2007,1,1,2,2,1,7
51907736,US,34259111,2007,1,1,2,1,2,1
51924304,US,34958415,2007,1,1,2,1,2,0
51924406,US,34178077,2007,1,1,2,2,2,0
51946576,US,35276530,2007,1,1,2,1,2,0
51949787,US,35708589,2008,1,0,2,1,2,0
51968367,US,34429593,2007,1,1,1,1,2,0
51978176,US,34635435,2007,0,0,2,1,2,0
51995866,US,34672716,2007,0,0,2,2,2,0
52022117,US,34778141,2007,1,1,2,1,2,0
52036968,US,34966859,2007,0,1,2,1,2,4
52072843,US,34975926,2008,1,0,2,1,2,0
52076040,US,34962866,2007,1,1,2,1,2,0
52097587,US,34676769,2007,1,1,2,2,2,0
52100903,US,34967793,2008,1,1,2,1,3,1
52117704,US,34859221,2007,1,0,2,1,2,0
52126355,US,8089123,2003,1,1,2,2,3,0
52166929,US,37663118,2007,1,1,2,1,3,4
52198188,US,39262998,2008,1,1,2,1,2,2
52198960,US,39263105,2008,1,1,2,1,1,4
52268894,US,38996209,2008,1,1,2,2,1,0
52273429,US,39462164,2008,1,1,2,2,2,1
52274006,US,39593610,2008,1,1,2,2,1,0
52330706,US,39668209,2008,1,1,1,1,1,0
52444147,US,34063455,2005,1,1,2,2,2,7
52445336,US,39543051,2008,1,1,2,1,1,1
52527610,US,38517026,2007,1,1,1,1,1,0
52550977,US,35005063,2005,1,1,1,1,1,0
52589557,US,35539359,2008,0,0,2,1,2,0
52609464,US,35482128,2008,1,1,2,1,2,3
52620079,US,35841849,2007,1,1,2,1,2,1
52635758,US,7687149,2007,0,1,2,1,3,0
52639995,US,42244507,2007,1,1,2,1,1,0
52668308,US,34194910,2007,1,1,2,2,2,1
52727687,US,38162135,2007,1,1,2,2,2,0
52757209,US,38787027,2008,1,1,2,1,2,3
52855062,US,38069075,2007,1,1,2,1,2,0
52867517,US,8096781,2003,1,1,2,1,2,5
52949677,US,32829013,2004,1,1,2,2,1,0
53080729,US,38460313,2007,0,0,1,1,1,0
53088159,US,24942667,2002,1,0,2,1,1,0
53096830,US,8498094,2004,1,1,2,1,2,0
53099028,US,7692180,2004,2,0,2,1,2,0
53108915,US,32652579,2004,1,0,1,2,1,0
53135430,US,38001770,2007,1,1,2,1,2,2
53174445,US,46328717,2008,0,0,1,1,1,0
53214902,US,38147611,2008,1,0,2,1,1,0
53217098,US,46328751,2008,0,0,1,1,1,0
53275345,US,25050770,2003,1,0,1,1,1,27
53285014,US,38805602,2008,1,1,2,1,2,1
53288387,US,39590878,2008,1,1,2,1,2,1
53304893,US,27220727,2003,1,1,2,1,2,0
53314009,US,38740123,2008,1,0,2,2,2,0
53314079,US,38515461,2008,1,1,2,1,2,5
53345014,US,7693714,2004,0,1,2,1,3,3
53346224,US,38859576,2008,1,1,1,1,2,2
53361338,US,38776817,2008,1,0,2,2,2,0
53383681,US,38740163,2008,1,1,2,1,2,0
53383737,US,39509845,2008,1,1,2,1,1,1
53383766,US,38724397,2008,1,1,2,1,2,1
53453076,US,9548426,2003,1,1,2,1,3,0
53458715,US,8171034,2001,1,1,2,1,2,0
53489993,US,35998481,2008,1,1,2,2,2,4
53500154,US,34912417,2005,1,1,1,2,1,0
53539451,US,7634034,2002,1,0,2,1,2,0
53561817,US,7882388,2004,1,1,2,1,2,1
53585350,US,34990046,2005,0,1,1,1,1,0
53600448,US,34959688,2008,1,0,2,1,2,0
53678440,US,46301215,2004,0,1,1,1,1,0
53685089,US,27393500,2002,2,0,1,1,1,0
53707391,US,36653410,2006,0,0,1,1,1,0
53716006,US,35136612,2005,0,1,1,1,1,0
53723228,US,38515805,2008,1,1,2,1,2,3
53735129,US,25275303,2002,1,1,1,2,1,0
53737603,US,39188801,2008,0,0,1,1,1,0
53740819,US,33562780,2005,1,0,2,1,1,0
53743323,US,25016102,2002,1,1,1,1,2,15
53750651,US,38752541,2008,1,1,2,1,2,2
53753224,US,38515503,2008,1,1,2,2,2,1
53758901,US,27093569,2004,1,1,1,1,2,28
53770664,US,38959662,2008,1,1,2,1,2,1
53839486,US,26050411,2005,1,1,2,1,3,2
53853620,US,27659983,2004,1,1,1,1,2,0
53885802,US,35455150,2005,1,1,1,1,2,0
53922881,US,39106077,2008,1,1,2,2,1,0
53960748,US,34941101,2006,1,1,2,1,1,0
53960753,US,35513109,2006,1,1,1,1,1,1
53960834,US,35514092,2006,1,1,1,1,1,0
53960841,US,35514093,2006,1,1,1,1,1,0
53962857,US,46329040,2008,0,0,1,1,1,0
53963374,US,34941028,2006,1,1,2,1,1,1
53979350,US,7924735,2004,0,1,2,1,3,5
54011532,US,38198255,2008,1,1,2,1,2,0
54019697,US,35005601,2005,0,1,1,1,1,2
54025379,US,33562574,2005,1,1,2,2,2,0
54030976,US,34909985,2005,0,1,1,2,2,0
54110716,US,33550055,2005,1,1,2,1,1,1
54150946,US,26916487,2002,1,1,1,1,1,0
54183902,US,19685402,2002,1,1,1,1,1,0
54198202,US,35079345,2006,0,0,2,1,1,0
54227459,US,20414778,2003,1,1,2,1,3,0
54252807,US,39311311,2008,1,1,2,1,1,0
54302172,US,18913892,2002,1,1,2,2,1,0
54318341,US,34981372,2006,1,1,2,1,2,0
54336976,US,36782307,2008,1,1,2,1,2,1
54363380,US,34355502,2005,1,1,2,1,2,1
54367918,US,46302938,2005,1,1,1,1,1,0
54394737,US,34753150,2005,2,0,2,1,1,0
54401001,US,25522816,2003,1,1,1,1,1,0
54401327,US,38335543,2008,1,1,2,2,1,0
54401338,US,38335742,2008,1,1,2,2,1,0
54418504,US,19189473,2008,1,1,2,1,2,4
54420926,US,37482521,2008,1,1,2,1,1,1
54423965,US,34681755,2005,1,1,2,2,2,0
54471301,US,35809593,2008,1,1,2,2,2,3
54472197,US,35873125,2008,1,1,2,1,2,1
54488138,US,37711833,2008,1,1,2,1,2,0
54491692,US,32735561,2004,2,0,2,1,2,0
54496241,US,32962699,2004,2,0,1,1,1,0
54497981,US,33130859,2004,1,0,1,1,1,0
54508472,US,33539078,2004,1,0,2,1,2,1
54511986,US,34103166,2005,2,0,2,1,2,0
54523664,US,34521913,2005,2,0,2,1,2,1
54546198,US,34966536,2005,2,0,1,1,2,0
54556239,US,35058795,2006,1,0,1,0,1,0
54578712,US,36615418,2006,1,0,2,1,2,0
54590149,US,38003906,2007,2,0,2,1,2,0
54636259,US,38470837,2007,1,0,1,1,1,0
54637093,US,38522930,2007,2,0,1,1,1,0
55003599,EP,39682249,2010,1,0,2,1,2,1
55029615,US,35432892,2008,1,1,2,1,2,5
55029631,US,36147049,2008,1,1,2,1,2,2
55031792,US,39092242,2008,1,1,1,2,2,0
55067463,US,37637522,2008,1,1,2,1,2,0
55067464,US,39717819,2008,0,0,2,1,2,0
55158551,US,38759543,2008,1,1,2,1,2,1
55163867,EP,39941479,2009,1,0,1,1,1,0
55314007,US,40026767,2008,1,0,1,1,1,0
55314008,US,39142757,2008,1,1,2,2,2,4
55351156,EP,40044115,2009,1,0,1,1,1,0
55387793,US,37114539,2008,1,0,2,1,2,0
55389539,US,38654935,2008,1,1,2,2,1,1
55389540,US,38814477,2008,1,1,2,1,2,1
55389541,US,38983706,2008,1,1,2,1,1,0
55399091,EP,38895466,2009,1,0,2,1,1,1
55424462,US,38694113,2008,1,1,2,1,2,2
55441953,US,39415361,2008,1,0,2,1,1,1
55443621,US,38232891,2008,1,0,2,1,2,0
55443623,US,39930552,2008,1,0,2,1,1,0
55447955,EP,39719400,2009,1,1,2,1,2,0
55447956,EP,39777488,2009,1,1,2,1,2,0
55509007,US,35787015,2008,1,1,2,1,2,2
55520153,US,40135722,2008,1,1,1,1,1,0
55520160,US,40135725,2008,0,0,1,1,1,0
55522111,US,40076132,2008,1,1,1,1,2,0
55583325,US,39356556,2009,1,1,2,2,2,1
55583328,US,38255293,2009,1,0,2,1,2,0
55587446,US,39364044,2009,1,1,2,3,2,1
55684237,US,38222469,2009,1,1,2,1,2,2
55687904,US,40042779,2009,1,0,2,1,2,0
55751376,US,38459383,2009,1,1,2,1,2,2
55791063,US,39032120,2009,1,1,2,1,2,0
55791065,US,37304041,2009,1,1,2,1,2,4
55792461,US,38564006,2009,0,0,2,1,2,0
55792607,US,37885832,2009,1,1,2,1,2,1
55818164,EP,40220839,2010,1,0,2,1,1,1
55878476,US,39679299,2009,1,1,2,2,2,0
55878477,US,39823810,2009,1,1,2,1,2,0
55878490,US,40032812,2009,0,0,2,1,2,0
56195721,EP,38923515,2009,1,0,1,1,1,1
56222760,EP,37865899,2009,1,0,2,1,2,1
56253524,EP,39463899,2009,1,0,2,1,2,1
56472002,US,39739517,2009,1,1,2,1,2,0
56472003,US,40175879,2009,1,1,2,2,2,0
56472218,US,40175880,2009,1,1,2,1,2,2
56474035,US,38596273,2009,1,1,2,2,2,13
56498579,US,40337402,2009,1,0,1,1,1,0
56514567,US,38998346,2009,1,1,2,1,2,0
56549329,EP,40943858,2010,1,0,1,2,1,4
56569459,US,40362369,2009,1,1,1,2,1,0
56570929,US,40044086,2009,1,1,2,1,1,0
56570943,US,36758626,2009,1,1,2,2,3,1
56630055,US,40381496,2009,1,0,2,1,1,0
56631877,US,40382350,2009,0,0,1,1,1,0
56662514,US,40387779,2009,2,0,1,1,1,1
56696435,US,40406267,2009,1,1,1,1,1,0
56699081,US,38577937,2009,1,1,2,1,2,0
56769438,US,39591794,2009,1,1,2,1,1,1
56769439,US,39251168,2009,1,1,2,1,2,2
56769440,US,38962000,2009,1,1,2,1,2,0
56769443,US,38472820,2009,1,1,2,2,2,1
56815224,EP,40417886,2009,1,0,1,1,1,1
56821274,US,40454662,2009,1,0,2,1,2,0
56826432,EP,35355814,2009,1,0,2,1,2,1
56857169,US,34969837,2009,1,1,2,1,3,0
56857170,US,34959687,2009,1,1,2,1,2,3
56857171,US,40470831,2009,1,1,1,1,1,0
56859337,US,34609975,2009,0,0,2,1,2,0
56879082,US,35929971,2009,1,1,2,2,2,1
56883092,US,32321662,2009,1,1,2,1,2,3
56927117,US,39563434,2009,1,1,2,1,1,2
56927303,US,37649471,2009,1,1,2,1,3,3
56996364,EP,40521549,2009,1,0,1,1,1,0
57055484,US,38813859,2009,1,1,1,1,1,1
57059664,US,40490415,2009,1,0,1,1,2,0
57061335,US,40535004,2009,1,0,2,1,1,0
57066794,EP,40384198,2009,1,1,2,1,2,1
57138409,US,38566895,2009,1,1,2,1,2,14
57138410,US,40493752,2009,1,1,2,1,1,1
57180377,EP,41058836,2009,1,0,1,1,1,0
57193280,US,39865622,2009,1,1,2,1,2,0
57195211,US,39865390,2009,0,0,2,1,1,0
57214306,US,40042769,2009,1,1,2,1,2,0
57216981,US,40588239,2009,1,0,2,1,2,0
57259667,US,40601519,2009,1,1,1,1,1,1
57293837,US,34558188,2009,1,1,1,2,1,0
57293838,US,40032634,2009,1,1,2,1,1,0
57293840,US,40342257,2009,1,1,2,1,2,1
57300435,US,40623863,2009,1,0,1,1,1,0
57320332,EP,40785550,2009,1,0,1,1,1,0
57362776,US,40032691,2009,1,1,2,1,1,2
57364253,US,39081588,2009,1,0,2,1,1,0
57420482,EP,41345997,2010,1,0,1,1,1,0
57430746,US,40666742,2009,1,1,2,2,1,0
57445023,EP,41057625,2009,1,0,2,1,2,1
57483542,EP,40679036,2010,1,0,1,1,1,1
57486341,US,38006097,2009,1,1,2,2,2,0
57486677,US,40472916,2009,1,1,2,3,1,2
57487971,US,38510334,2009,1,1,2,1,2,2
57579156,EP,38962528,2010,1,0,1,1,2,1
57584092,EP,41396141,2010,1,0,1,1,1,0
57591765,US,40472130,2009,1,1,2,1,1,0
57593595,US,40621357,2009,1,0,1,1,2,0
57593596,US,40472015,2009,1,1,2,1,1,0
57593600,US,40721861,2009,0,0,1,1,1,0
57593614,US,40718043,2009,0,0,1,1,1,0
57645335,US,40753500,2009,1,1,1,1,1,0
57683903,EP,40775156,2009,1,0,1,1,1,1
57722971,US,40225367,2009,0,0,2,1,1,0
57722973,US,38543649,2009,1,1,2,2,2,3
57724951,US,40265972,2009,1,1,2,2,1,0
57746533,EP,40902782,2009,1,0,1,1,1,0
57761624,US,40538868,2009,1,1,2,1,2,0
57763940,US,40278632,2009,1,1,2,1,1,1
57763941,US,39645219,2009,0,0,2,1,1,0
57821929,EP,40824788,2009,2,0,1,1,1,0
57847777,US,39027518,2009,1,1,2,1,2,2
57852538,US,36933610,2009,1,1,2,1,2,0
57877672,US,40849988,2009,0,0,1,1,1,0
57879082,US,40850776,2009,1,1,2,2,1,0
57946188,US,40278951,2009,1,1,2,1,1,1
57947107,US,40278978,2009,1,1,2,2,1,0
57948456,US,38667500,2009,1,0,2,1,1,0
57948457,US,38846951,2009,1,1,2,1,2,4
57948458,US,38344885,2009,1,0,2,1,3,0
57949795,US,40301416,2009,0,0,2,1,1,0
57949796,US,39767154,2009,1,1,2,2,1,2
58074139,US,40352726,2009,1,1,2,1,2,0
58075510,US,40668462,2009,1,1,2,1,1,2
58077244,US,40931868,2009,1,0,1,1,1,0
58118043,US,39020544,2009,1,1,2,1,2,3
58119789,US,40602351,2009,1,1,2,2,2,5
266713852,US,37683696,2009,1,1,2,1,2,0
266713854,US,40352651,2009,1,1,2,1,2,0
266713855,US,40954403,2009,1,1,1,1,1,0
266713856,US,40954404,2009,1,1,1,1,1,0
266715552,US,40951361,2009,1,1,1,1,1,0
266850634,US,40469918,2009,1,0,2,1,1,0
266850636,US,40352709,2009,1,1,2,1,2,0
266850637,US,40352713,2009,1,1,2,1,2,0
266850638,US,40469814,2009,1,1,2,3,2,3
266902926,US,41009143,2009,1,1,1,1,1,0
266902988,US,41009191,2009,1,1,1,2,1,0
266938861,US,41010423,2009,1,1,2,2,1,0
266938862,US,40456345,2009,1,1,2,1,1,0
266940345,US,40456174,2009,1,1,2,1,1,3
267078265,US,41010471,2009,1,1,2,2,1,0
267079479,US,38778155,2009,1,1,2,1,2,3
267079480,US,40467344,2009,1,1,2,1,2,4
267147683,EP,40019714,2010,1,0,1,1,1,0
267286466,US,41010469,2009,1,1,2,1,1,0
267288417,US,41011945,2009,1,0,2,1,1,0
267288433,US,40548680,2009,1,1,2,2,1,1
267294794,US,39364868,2009,1,1,2,2,2,4
267459603,US,40810593,2009,1,1,2,1,1,0
267461210,US,41012222,2009,1,1,2,1,1,0
267461211,US,38666822,2009,1,1,2,1,2,1
267461213,US,40901771,2009,1,1,2,1,1,0
267463910,US,41010297,2009,1,1,2,1,1,0
267465114,EP,42060164,2010,1,0,1,1,1,0
267476163,US,34139873,2009,1,1,2,2,2,0
267509536,US,39492648,2009,1,1,2,1,2,4
267544889,US,40565192,2009,1,1,2,1,1,1
267548113,US,39494479,2009,0,0,2,1,2,6
267565852,EP,41513061,2010,1,0,1,1,1,0
267645386,US,40379631,2009,1,1,2,2,1,0
267646926,US,39536770,2009,1,1,2,2,1,3
267837217,US,40605235,2009,1,1,2,1,2,1
267837218,US,39968842,2009,1,1,1,2,1,3
267838846,US,40591902,2009,1,1,2,1,1,0
267838847,US,38884885,2009,1,1,2,2,2,1
268023488,EP,43416524,2011,1,0,1,1,1,0
273066303,US,39230438,2009,0,0,2,1,2,0
273241672,US,41254219,2009,0,0,1,2,2,0
273242737,US,40518527,2009,1,1,1,1,1,14
273244361,US,41011978,2009,1,1,2,1,1,0
273300914,EP,42101840,2011,1,0,1,1,1,0
273312719,EP,42226163,2010,1,0,1,1,1,0
273318531,US,41279553,2009,1,1,1,1,1,6
273326350,EP,42083878,2011,1,0,1,1,1,1
273394416,US,38565885,2009,1,0,2,1,2,0
273396053,US,41066666,2009,1,1,2,1,1,3
273484262,EP,42145313,2010,2,0,1,1,1,0
273504097,US,39674533,2009,1,1,2,2,1,2
273506978,US,40691046,2009,1,1,2,2,1,1
273511465,EP,41429463,2011,1,0,1,1,1,1
273519911,US,33304930,2009,0,1,2,1,3,2
273638083,US,38625329,2009,1,1,2,2,1,17
273638084,US,41066699,2009,1,1,2,1,2,0
273638086,US,40654494,2009,1,1,1,1,1,1
273638090,US,41378886,2009,1,1,1,1,1,0
273642504,US,41090371,2009,1,1,2,1,1,0
273642585,US,41066707,2009,0,0,2,1,1,0
273655848,EP,42194246,2010,2,0,1,1,1,0
273684183,US,37888154,2009,1,0,2,1,2,0
273718033,US,41112648,2009,1,1,2,1,2,0
273718034,US,35134119,2009,1,1,2,2,2,0
273719889,US,36096722,2009,1,0,2,1,3,0
273719890,US,38981831,2009,0,0,2,1,2,0
273762601,EP,41692918,2010,1,0,1,1,1,0
273846142,US,41129212,2009,0,0,2,1,1,0
273846143,US,40786169,2009,1,0,2,1,1,0
273923562,US,41427901,2009,1,1,1,1,1,0
273940707,US,40074827,2009,1,1,2,1,2,1
273946542,EP,41128279,2010,1,0,1,1,1,0
273987523,US,41152939,2009,1,0,2,1,2,0
274040869,US,40503817,2009,0,0,1,1,1,0
274060418,US,39673853,2010,1,1,2,1,2,0
274062011,US,37491216,2010,1,1,2,1,2,2
274062948,US,39681656,2010,1,1,1,1,2,0
274063730,US,38198827,2010,1,0,1,1,2,0
274100723,EP,41567276,2012,1,0,1,1,1,1
274112269,EP,41682710,2011,1,0,1,1,2,1
274177731,US,38309665,2010,1,1,2,1,3,12
274178704,US,41505005,2010,1,0,1,1,1,0
274209435,EP,42173280,2011,1,0,2,2,1,0
274222610,EP,41572383,2010,1,0,1,1,1,0
274265723,US,41258359,2010,1,1,2,1,2,0
274265725,US,41529649,2010,1,1,1,3,1,2
274265726,US,38814486,2010,1,1,2,1,2,1
274265734,US,40785431,2010,1,1,2,1,2,0
274267430,US,38519700,2010,0,0,2,1,2,0
274267431,US,39428000,2010,1,0,2,1,2,0
274267432,US,39808736,2010,1,1,2,1,2,7
274267433,US,39282460,2010,1,1,2,2,2,0
274267435,US,41258356,2010,0,0,2,1,1,0
274267437,US,40972535,2010,0,0,1,1,1,0
274267442,US,38846415,2010,1,1,1,2,1,10
274311697,EP,42668930,2011,1,0,2,1,2,0
274345581,EP,42124667,2010,1,0,2,1,2,0
274360219,US,40786860,2010,0,0,2,1,2,0
274360221,US,39808738,2010,0,0,2,1,2,0
274362145,US,40227621,2010,1,1,2,2,2,1
274368156,EP,42282582,2011,1,1,1,1,2,1
274405725,EP,42931934,2011,1,0,2,1,2,0
274405773,EP,42313308,2011,1,0,2,1,2,1
274406067,EP,42289680,2011,1,0,1,1,1,0
274432865,EP,42356263,2011,1,0,1,1,1,1
274452864,US,41559702,2010,1,1,2,2,1,0
274452867,US,7852685,2010,0,1,2,2,3,17
274459442,US,41608546,2010,2,0,1,1,1,0
274573675,US,41652203,2010,0,0,1,1,1,0
274573676,US,41652204,2010,1,0,1,1,1,0
274575329,US,41653113,2010,0,0,1,1,1,0
274575345,US,38779043,2010,1,0,2,1,2,2
274709518,US,41680515,2010,0,0,1,1,1,0
274710222,US,35721676,2010,1,1,1,1,2,0
274710223,US,39926152,2010,1,1,2,1,2,3
274711760,US,39926153,2010,1,1,2,1,2,3
274741911,EP,43535857,2012,1,0,1,1,2,1
274773488,EP,42333353,2011,1,0,2,1,2,0
274798752,US,39107009,2010,1,1,2,1,2,2
274798754,US,39855033,2010,1,1,2,1,2,6
274798755,US,39926154,2010,1,1,2,2,2,5
274801964,US,39367323,2010,1,1,2,2,2,0
274805797,EP,41707341,2011,1,0,1,1,2,1
274808125,EP,42670315,2011,1,0,1,1,1,0
274867285,EP,41800810,2010,2,0,1,1,1,0
274886276,EP,40765599,2011,1,1,2,1,2,1
274933885,EP,42335014,2010,1,0,1,1,1,0
274938750,US,39314392,2010,1,1,2,1,2,1
274940304,US,41064642,2010,1,1,2,1,1,0
274940305,US,41416405,2010,1,1,2,1,1,1
274940306,US,39362977,2010,1,0,2,1,2,0
274942888,US,41066610,2010,1,1,2,1,1,0
274942890,US,41064509,2010,0,0,2,1,1,0
274945183,US,39304522,2010,0,0,2,1,2,0
275029031,EP,42668460,2011,1,1,2,1,2,1
275055198,US,41467148,2010,1,1,2,1,1,0
275055200,US,41610985,2010,1,0,1,1,1,0
275056988,US,41799468,2010,1,1,2,2,2,0
275072784,US,40404268,2010,1,1,2,2,1,0
275111342,US,41819496,2010,0,1,1,2,1,0
275312334,US,40291167,2010,1,1,2,2,2,0
275313581,US,38807850,2010,0,1,2,2,2,2
275313582,US,40074870,2010,1,1,2,1,2,0
275315476,US,38015549,2010,1,0,2,1,2,0
275315478,US,41478713,2010,1,0,2,1,2,0
275315479,US,36869901,2010,1,0,2,1,2,0
275322182,EP,42674929,2010,2,0,1,1,1,0
275390244,EP,42542992,2011,1,0,2,1,1,0
275423276,EP,42039710,2011,1,0,1,1,2,1
275462324,US,40075574,2010,1,1,2,1,2,1
275464282,US,40075573,2010,1,1,2,1,2,5
275464283,US,41066590,2010,1,1,2,1,1,0
275542585,US,41162714,2010,1,1,2,1,1,1
275542586,US,42056602,2010,1,1,1,2,1,4
275542666,US,41511245,2010,1,1,2,1,2,0
275544314,US,41797542,2010,1,0,2,1,2,1
275544333,US,39863777,2010,1,1,2,1,2,0
275544334,US,41162692,2010,1,1,2,1,1,4
275545873,US,41259787,2010,1,0,2,2,1,2
275545892,US,40380151,2010,0,0,2,1,2,0
275551218,EP,40019140,2011,1,0,2,1,2,1
275554808,EP,42979413,2012,1,0,1,1,2,1
280655035,US,39311312,2010,0,1,2,1,2,0
280655723,US,40377457,2010,1,1,2,1,1,1
280656639,US,39760227,2010,0,0,2,1,2,0
280658147,US,40031721,2010,1,1,2,1,2,2
283793618,EP,42663923,2012,1,0,2,2,2,1
298707150,US,41203656,2010,0,0,2,2,1,0
298707151,US,40418868,2010,1,1,2,1,2,0
298707155,US,37023957,2010,0,1,1,1,2,1
298708928,US,39276257,2010,1,1,1,1,2,2
298708929,US,41572593,2010,1,0,2,1,1,0
298708931,US,41161329,2010,1,1,2,2,1,1
298708932,US,41161365,2010,0,0,2,1,1,0
305193932,EP,43495843,2012,1,0,1,1,2,1
311606728,US,39777423,2010,1,0,2,1,2,0
311607079,US,41631244,2010,1,0,2,1,2,0
311608365,US,41203501,2010,1,1,2,1,1,1
311608366,US,41668280,2010,1,1,2,1,1,4
314698880,EP,43088071,2011,1,0,1,1,1,0
315433470,US,41090374,2010,0,0,2,1,2,0
315434883,US,41094440,2010,1,1,2,1,2,0
315434884,US,39359107,2010,0,0,1,1,1,0
315436745,US,41668274,2010,1,0,2,1,1,0
315436748,US,41693018,2010,1,0,2,1,1,0
315477083,US,43608895,2010,0,0,1,1,1,0
315477086,US,39344637,2010,1,0,2,1,2,0
315477092,US,41259894,2010,1,1,2,1,1,0
315477094,US,42130469,2010,1,1,1,2,1,0
315477202,US,41818344,2010,1,1,2,1,1,0
315479408,US,41259854,2010,1,1,2,1,2,0
315479436,US,38657257,2010,0,0,2,1,3,2
315538439,EP,42829506,2011,1,0,2,1,2,0
315599634,US,39493537,2010,1,0,2,1,2,1
315601026,US,40260119,2010,1,1,2,1,2,5
315601033,US,41278891,2010,0,0,2,1,1,0
315602997,US,40260118,2010,1,1,2,1,1,3
315602998,US,42165358,2010,1,0,1,1,1,0
315641348,US,41314521,2010,1,1,2,1,1,1
315642519,US,42103018,2010,1,1,2,1,1,0
315701988,US,39943147,2010,0,0,2,1,2,0
315701989,US,40568359,2010,0,0,2,1,2,0
315701997,US,42195532,2010,1,1,1,2,1,0
315701998,US,39146855,2010,1,0,2,1,2,0
315703685,US,42196455,2010,0,0,1,1,1,0
315708254,EP,43411505,2011,1,0,1,1,1,1
315756294,EP,43003465,2011,1,0,1,1,1,0
315756348,EP,36940041,2010,1,0,1,1,2,1
315799352,US,42222101,2010,0,1,1,1,1,0
315799356,US,42196452,2010,0,0,1,1,1,0
315801267,US,41667189,2010,1,0,2,1,1,0
315803594,US,42223602,2010,1,1,2,1,1,0
315803607,US,42223610,2010,1,1,2,1,1,10
315839771,EP,40157163,2010,1,0,1,1,2,0
315839923,EP,42286657,2010,1,0,1,1,1,0
315854891,US,41508955,2010,0,0,2,1,1,0
315854894,US,42230233,2010,1,1,1,1,1,2
315854895,US,40456581,2010,1,1,2,1,2,0
315854903,US,41707599,2010,1,0,1,1,1,0
315857441,US,40591965,2010,0,0,2,1,2,0
315857464,US,42231268,2010,1,1,2,1,1,0
315857472,US,41353951,2010,1,0,2,1,1,0
315857476,US,41508080,2010,1,0,2,1,1,0
315857477,US,42224566,2010,1,1,2,1,1,0
315857479,US,41707598,2010,1,0,1,1,2,0
315857483,US,42231278,2010,1,1,2,1,1,1
315858793,US,42072911,2010,1,1,2,1,1,0
315889800,EP,42222078,2010,1,0,2,1,1,1
315889812,EP,42222973,2010,1,0,2,1,1,1
315963735,US,39868676,2010,1,1,2,1,2,1
315963736,US,42184110,2010,1,1,2,1,1,2
315965933,US,39791310,2010,0,0,2,2,2,0
316028884,EP,41717370,2011,2,0,1,1,2,1
316189963,EP,42222081,2011,1,0,2,1,1,1
316189967,EP,42222082,2011,1,0,2,1,1,1
316851589,US,42266386,2010,1,1,1,1,1,1
316851590,US,41509748,2010,1,1,2,1,1,0
317249850,EP,43033465,2012,1,0,2,1,2,0
317302285,US,37669465,2010,1,0,2,1,3,0
317369244,EP,44624835,2012,1,0,1,1,2,1
317431975,EP,42231270,2011,1,0,2,1,1,1
317491067,EP,43298229,2012,1,0,1,1,1,1
317587146,EP,42222958,2011,1,0,2,1,1,0
317587814,EP,41722748,2012,1,0,1,1,2,1
317612208,US,42174574,2010,0,0,2,1,1,0
317615316,US,42124481,2010,1,0,2,1,2,0
317744061,US,42184116,2010,1,0,2,1,2,0
317744068,US,40842335,2010,0,0,2,1,1,0
317745674,US,39986215,2010,1,0,2,1,2,0
317846892,EP,42336320,2011,1,0,2,1,2,1
317955955,US,34908870,2010,1,1,2,1,3,16
317957640,US,40526746,2010,1,1,2,1,2,6
317959408,US,42174587,2010,1,1,2,2,1,0
317974455,US,29549829,2006,0,1,2,2,3,26
318091099,EP,43382750,2012,1,0,1,1,2,1
318225756,US,40030902,2010,1,1,2,1,2,2
318229930,US,40278957,2010,1,1,1,2,2,0
319383191,US,42034544,2010,1,0,2,1,1,0
319496931,EP,42028093,2011,2,0,1,1,1,0
319496933,EP,42087881,2011,2,0,1,1,1,0
320033190,US,42555744,2010,0,1,1,1,1,0
320058355,EP,42026320,2011,2,0,1,1,1,1
320406564,EP,42223598,2011,1,0,2,1,1,1
320406574,EP,42222084,2011,1,0,2,1,1,1
320417079,US,40186081,2010,1,0,2,1,2,0
320417081,US,42560068,2010,0,1,1,1,1,1
320417082,US,42560069,2010,0,0,1,1,1,0
320417083,US,42338730,2010,1,0,2,1,2,0
320417094,US,39591988,2010,1,0,2,1,2,0
320480433,EP,42223651,2011,1,0,2,1,1,1
320480435,EP,42231279,2011,1,0,2,1,1,1
320480631,EP,42223547,2011,1,0,2,1,1,1
320480909,EP,43734564,2012,1,0,1,1,2,1
320694527,EP,42222085,2011,1,0,2,1,1,1
321209674,EP,43628470,2011,2,0,1,1,1,1
321213675,US,40591544,2010,0,0,2,1,2,0
321256738,US,42634124,2010,1,0,2,1,1,0
322469257,US,42665802,2010,2,0,1,1,1,0
322472829,US,41718846,2010,1,0,2,1,1,0
322472831,US,36916479,2010,1,1,2,1,2,0
322518285,EP,26009137,2010,1,0,2,1,3,1
323096558,US,42072828,2010,1,1,2,1,1,0
323098197,US,42678403,2010,0,0,1,1,1,0
323284352,EP,42937421,2011,1,0,1,1,1,0
323378569,US,41255193,2010,0,0,2,1,2,0
323378574,US,42730072,2010,1,1,1,1,1,6
323380549,US,42562384,2010,1,0,1,1,1,0
323500868,EP,42222086,2011,1,0,2,1,1,0
323502695,US,40419027,2010,0,0,2,1,2,0
323543956,US,37714317,2010,1,0,2,2,2,0
323545381,US,42034524,2010,1,1,2,2,1,6
323545382,US,38459040,2010,1,1,2,1,2,0
323545593,US,42315657,2010,1,0,2,1,1,0
323548931,US,42084581,2010,1,0,2,1,1,0
323635463,EP,42222088,2011,1,1,2,1,2,1
323637301,EP,42222974,2011,1,0,2,1,1,1
323637317,EP,42222960,2011,1,0,2,1,1,1
323637319,EP,42222090,2011,1,0,2,1,1,1
323637321,EP,42231271,2011,1,0,2,1,1,1
323696496,EP,34679397,2011,1,0,2,2,3,0
323696712,EP,7687374,2011,1,1,2,1,3,1
323697814,EP,42222959,2011,1,0,2,1,1,1
323765319,EP,42222089,2011,1,0,2,1,1,1
323846339,US,42224597,2010,1,1,2,1,2,1
323910399,EP,42222091,2011,1,0,2,1,1,1
323910503,EP,7641584,2011,1,0,2,2,3,1
323912149,EP,33435955,2011,1,0,2,1,3,1
323982984,US,40795202,2010,1,1,2,2,2,0
324055750,US,40560639,2010,1,0,2,1,2,0
324057432,US,42826314,2010,1,1,1,1,1,0
324059365,US,40074599,2010,0,0,2,1,1,0
324104357,US,42783193,2010,2,0,1,1,1,0
325209514,US,40567848,2010,1,0,2,1,2,0
325209515,US,40626084,2010,0,0,2,2,2,0
326068323,EP,42222962,2011,1,0,2,1,1,1
328004937,EP,34559138,2011,1,0,1,1,2,6
328059808,US,42980418,2010,0,1,1,1,1,5
328061500,US,42553318,2010,1,1,2,1,1,0
328061504,US,42981099,2010,1,1,1,1,1,0
328063419,US,42732855,2010,1,1,2,2,1,1
328065231,US,42934525,2010,2,0,2,1,2,0
328097497,EP,42231272,2011,1,0,2,1,1,2
328339139,EP,42222970,2011,1,0,2,1,1,1
328339141,EP,42222092,2011,1,0,2,1,1,1
328339143,EP,42222969,2011,1,1,2,1,1,1
328363822,EP,42230231,2011,1,0,2,1,1,1
328375061,EP,43857205,2011,3,0,1,1,1,1
328378100,US,40289430,2010,1,0,2,1,1,3
328381611,US,40667156,2010,1,1,2,2,2,0
328381612,US,42992829,2010,1,0,2,1,2,0
328381613,US,40600122,2010,1,0,2,1,2,0
328445264,US,42981100,2010,1,0,2,1,2,0
328445289,US,42980419,2010,1,0,1,1,1,0
328465784,EP,42231273,2011,1,0,2,1,2,1
328465788,EP,42231275,2011,1,0,2,1,1,1
328465902,EP,42222966,2011,1,0,2,1,1,1
328465906,EP,42231274,2011,1,0,2,1,1,1
328536522,US,7700862,2010,0,1,2,2,3,11
328536523,US,42263364,2010,1,0,2,1,2,0
328591763,EP,42222093,2011,1,0,2,1,1,1
328597581,EP,43853267,2011,1,0,1,1,1,1
328629591,EP,42230232,2011,1,0,2,1,1,1
328720261,US,42224503,2010,1,0,2,1,1,0
328720262,US,42224495,2010,1,0,2,1,1,0
328720263,US,40689521,2010,1,0,2,1,2,2
328721686,US,40511198,2010,1,1,1,1,2,1
328721828,US,40283433,2010,1,1,2,2,1,2
328723815,US,41466366,2010,1,0,2,1,2,1
328736101,EP,40911967,2011,1,0,1,1,1,0
328866750,US,40377585,2010,1,0,2,1,2,0
328868849,US,42734802,2010,1,1,2,1,1,1
328868852,US,37668336,2010,1,0,2,1,2,0
328958127,EP,43759729,2011,1,0,1,1,1,0
329004105,US,43124083,2010,1,0,1,1,1,0
329005678,US,41559457,2010,1,0,2,1,2,0
329005683,US,42286472,2010,1,0,2,1,1,0
329005686,US,43124655,2010,1,0,1,1,1,0
329007664,US,40900786,2010,0,0,2,1,2,0
329007668,US,42811314,2010,1,1,2,2,1,0
329008209,US,43125359,2010,1,1,2,1,2,0
329103544,US,40228866,2010,1,0,2,1,2,0
329266733,US,40679039,2010,1,0,2,1,2,0
329266734,US,40679038,2010,1,1,2,2,2,2
329266735,US,41433796,2010,1,0,2,1,2,3
329266736,US,39560848,2010,1,0,1,1,2,0
329268702,US,41361319,2010,1,1,2,1,1,0
329268703,US,43220439,2010,0,1,1,1,1,0
329270767,US,43221132,2010,1,1,2,1,2,4
329495965,US,41016447,2010,1,0,1,1,1,0
329495974,US,42113917,2010,1,0,1,1,2,0
329497783,US,40913342,2010,0,0,2,1,2,0
329499742,US,43262612,2010,1,1,2,1,1,1
329515908,EP,43608613,2011,1,0,1,1,1,0
329617671,EP,44307305,2011,1,0,1,1,1,0
329619251,US,40263300,2010,1,0,2,1,2,0
329619252,US,43085385,2010,0,0,1,1,2,0
329619253,US,43305785,2010,0,0,1,1,1,0
329620914,US,42263363,2010,1,0,2,1,2,0
329937408,US,43353624,2010,1,0,1,2,1,0
329937409,US,42551688,2010,1,0,2,1,1,0
329939360,US,42289039,2010,1,1,2,1,2,0
329939362,US,40316337,2010,1,0,2,1,2,0
329962670,US,43305784,2010,1,0,1,1,1,0
329963229,US,43357025,2010,1,0,1,1,1,0
330113992,US,43379853,2010,1,1,2,1,1,3
330116017,US,39204124,2010,1,0,2,1,2,0
330116205,US,41426352,2010,0,0,2,1,2,0
330118322,US,43086942,2010,1,0,2,1,2,0
330216253,EP,41406959,2012,1,0,1,1,1,1
330218381,EP,42167470,2012,1,0,1,1,2,1
330227927,US,43386853,2010,1,0,2,1,2,0
330278266,US,43411402,2011,2,0,1,1,1,0
330280281,US,43412211,2011,1,1,2,1,2,6
330280282,US,39865724,2011,1,1,2,1,2,3
330281728,US,39768621,2011,0,0,2,1,3,0
330283274,US,40795935,2011,1,0,2,1,2,0
330385812,US,39868708,2011,1,1,2,2,2,1
330385814,US,42222080,2011,1,1,1,2,2,0
330385815,US,40847170,2011,1,0,2,1,2,0
330385823,US,43426895,2011,1,1,1,1,1,0
330385828,US,42542693,2011,1,0,2,1,1,0
330387410,US,43302976,2011,1,1,2,2,2,0
330989256,US,43450105,2011,1,1,2,1,2,3
330989264,US,41412306,2011,1,0,2,1,2,0
330989267,US,43411758,2011,0,0,1,1,1,0
330990951,US,40953006,2011,1,0,2,1,2,0
330990952,US,42613887,2011,1,1,2,1,1,2
331004145,EP,44624981,2012,1,0,1,1,2,1
331329703,EP,35079222,2011,1,0,2,1,2,1
331361155,US,41721228,2011,1,0,2,1,2,0
331361602,US,43496816,2011,1,0,1,1,1,0
331362965,US,43497461,2011,1,0,1,1,1,0
331362979,US,41412291,2011,1,0,2,1,2,0
331377663,US,43496601,2011,2,0,1,1,1,0
331499568,EP,41716934,2012,1,0,1,1,2,1
331519125,US,42309639,2011,1,0,2,1,1,0
331519127,US,41198682,2011,1,0,2,1,2,0
331519128,US,41198808,2011,0,0,1,1,2,0
331519427,US,42970194,2011,1,1,2,1,2,0
331546290,EP,41716942,2012,1,0,1,1,2,1
331627496,US,41416439,2011,1,1,2,1,2,0
331627501,US,41199707,2011,1,0,1,1,1,0
331627502,US,40898448,2011,0,0,1,1,1,0
331629019,US,43534956,2011,0,0,1,1,1,0
331629020,US,43534957,2011,0,0,1,1,1,0
331630765,US,40352370,2011,0,0,2,1,2,0
331674672,EP,43534248,2012,1,0,2,1,2,1
332059906,US,42990126,2011,1,0,2,1,2,0
332059908,US,40936293,2011,1,0,2,1,2,0
332071229,US,43588695,2011,0,0,1,1,1,0
332071231,US,43588696,2011,0,0,1,1,1,0
332071233,US,40901314,2011,0,0,2,1,2,0
332072874,US,34957948,2011,1,1,2,1,2,5
332072875,US,38935921,2011,1,0,2,1,2,0
332072953,US,40504459,2011,1,0,1,2,2,0
332283329,US,43386192,2011,1,1,2,1,2,0
332283330,US,41091022,2011,1,1,2,1,2,0
332285149,US,43302378,2011,0,0,2,1,1,0
332285151,US,42542714,2011,0,0,2,1,2,0
332287076,US,40591372,2011,1,0,2,1,2,0
332287077,US,43605994,2011,1,0,1,1,1,0
332394341,US,43027651,2011,1,1,2,2,1,1
332394342,US,42830750,2011,1,0,2,1,2,0
332394345,US,42059741,2011,1,1,2,2,2,3
332394346,US,34737118,2011,1,1,1,2,3,0
332394347,US,40298698,2011,1,0,2,1,2,0
332394360,US,40718543,2011,1,1,2,1,2,2
332431653,EP,43627775,2012,1,0,1,1,1,1
332590894,US,38517025,2011,1,1,2,2,3,11
332590896,US,41064784,2011,0,0,2,1,2,0
332592380,US,43647916,2011,0,1,1,1,1,0
332599211,US,43597049,2011,1,0,2,1,2,0
332859159,US,42987695,2011,1,1,2,2,1,2
332947028,US,43755971,2011,1,0,1,1,1,0
332947033,US,43755974,2011,0,0,1,1,1,2
332948527,US,43756766,2011,1,0,1,1,1,0
332986866,US,43756772,2011,1,0,1,1,1,0
333085797,US,43530378,2011,1,1,2,2,1,1
333085798,US,43123516,2011,1,1,2,1,2,0
333085800,US,41056401,2011,1,0,2,1,2,0
333085801,US,43779451,2011,0,0,2,1,1,0
333087772,US,42984058,2011,0,0,2,1,1,2
333089376,US,43297394,2011,1,0,2,1,2,0
333243070,US,42040440,2011,0,0,2,1,2,0
333244284,US,33441310,2011,0,0,2,1,3,0
333369221,US,43854229,2011,1,1,2,1,2,1
333556984,US,39313563,2011,1,0,2,1,2,0
333556986,US,42106341,2011,1,1,2,1,2,0
333558593,US,43876520,2011,0,0,2,1,1,0
333591593,US,41412308,2011,1,1,2,1,2,0
333593245,US,43898588,2011,0,0,1,1,1,0
333863830,US,42309913,2011,1,0,2,1,2,0
333866079,US,43385733,2011,1,0,2,1,1,0
333879416,US,43928279,2011,1,1,2,1,1,0
333943027,EP,42032723,2011,1,0,2,1,2,0
334025806,US,40801603,2011,1,0,2,1,2,0
334025807,US,43778525,2011,1,0,2,1,2,0
334071737,US,40795199,2011,1,0,2,1,2,0
334086162,EP,43991677,2012,1,0,1,1,1,1
334160317,US,40387899,2011,1,1,2,2,2,8
334160326,US,40874086,2011,0,0,2,1,2,0
334161999,US,43503075,2011,1,0,1,1,1,0
334163891,US,40090342,2011,1,0,2,1,2,0
334163981,US,44011948,2011,1,1,2,1,1,2
334314228,US,43356786,2011,0,0,1,1,1,0
334315952,US,37310392,2011,1,0,2,1,2,0
334315953,US,42197712,2011,0,0,2,1,2,0
334315960,US,42138767,2011,0,0,2,1,2,0
334315966,US,43501157,2011,1,1,2,2,1,0
334317975,US,43992121,2011,1,1,2,2,2,27
334390482,US,42128630,2011,1,0,2,1,2,0
334442348,EP,44065883,2012,1,0,1,1,1,1
334495608,US,43598138,2011,1,1,2,2,1,0
334495609,US,43736218,2011,0,0,2,1,1,0
334495612,US,44081267,2011,1,1,2,2,1,0
334497580,US,44081269,2011,0,0,1,1,1,0
334497602,US,43708926,2011,1,1,2,1,1,0
334497607,US,43795199,2011,1,0,2,1,2,0
334497608,US,40130335,2011,0,0,1,1,1,0
334497611,US,44082210,2011,0,0,2,1,1,0
334497615,US,43615292,2011,1,1,2,2,1,0
334499569,US,43608629,2011,1,1,2,1,2,2
334499659,US,43902831,2011,1,1,2,1,1,2
334681872,US,44141427,2011,1,0,2,1,2,0
334683332,US,44142068,2011,1,1,2,2,1,1
334683333,US,44142069,2011,1,1,1,2,2,0
334683335,US,44142071,2011,0,0,1,1,2,0
334683337,US,44142073,2011,0,0,1,1,1,0
334683338,US,44142074,2011,1,1,1,2,2,1
334683339,US,44142075,2011,1,1,2,2,1,11
334683340,US,44142076,2011,1,1,2,1,1,1
334683341,US,44142077,2011,1,1,2,1,1,0
334683343,US,41381988,2011,1,0,1,1,1,0
334683349,US,44142081,2011,1,1,2,1,1,0
334683352,US,44142084,2011,1,1,2,1,1,0
334685491,US,44143104,2011,1,1,2,2,2,0
334685514,US,44143113,2011,0,0,2,1,2,0
334685516,US,44143115,2011,1,1,2,1,1,0
334685517,US,44143116,2011,1,1,1,1,2,0
334685518,US,44143117,2011,1,1,1,1,1,0
334685521,US,44143120,2011,1,1,1,1,2,0
334685523,US,42333436,2011,0,0,2,1,2,0
334685527,US,41318448,2011,1,0,2,1,2,0
334685528,US,44143122,2011,1,0,1,1,2,0
334685531,US,44143124,2011,0,0,2,1,1,0
334685535,US,44143128,2011,1,1,1,1,2,0
334685537,US,42355728,2011,1,0,2,1,2,0
334685539,US,44143131,2011,1,1,1,1,2,0
334685544,US,41566520,2011,0,0,2,1,2,0
334685561,US,44143144,2011,1,1,2,1,1,0
334687641,US,44143814,2011,0,0,2,1,1,0
334687642,US,44143815,2011,1,1,2,3,2,0
334822235,US,40715459,2011,1,0,2,1,2,0
334822236,US,43446815,2011,1,0,1,1,1,1
334824744,US,44140840,2011,0,0,2,1,2,0
334824745,US,42244700,2011,1,1,2,1,2,0
334824746,US,41319049,2011,0,0,2,2,2,0
334824751,US,44151371,2011,1,1,1,1,1,0
334827136,US,39760880,2011,1,0,2,1,2,0
334827140,US,43836825,2011,0,0,2,1,1,0
334827141,US,42260319,2011,0,0,2,1,2,0
335177476,US,41668785,2011,0,0,2,1,2,0
335177492,US,39852174,2011,0,0,2,1,2,0
335179875,US,43927675,2011,1,0,2,1,2,0
335179876,US,44187794,2011,0,0,1,1,1,0
335349599,US,44224261,2011,1,1,2,1,2,3
335351015,US,43618115,2011,1,0,2,2,1,0
335576372,US,44257962,2011,1,1,1,2,1,0
335578093,US,42461443,2011,1,0,2,1,2,0
335720960,US,41399289,2011,1,0,2,1,2,0
335720962,US,41136950,2011,1,1,2,1,2,7
335720963,US,40578113,2011,1,0,2,2,2,0
335720964,US,42073949,2011,1,0,2,1,2,0
335724338,US,41009904,2011,1,0,2,1,1,0
335867349,US,41051107,2011,0,0,2,1,2,0
335869005,US,41466370,2011,1,0,2,2,2,0
335869025,US,43603043,2011,1,0,2,1,2,0
335869028,US,42073164,2011,1,0,2,1,1,0
336006064,US,41227060,2011,0,0,1,1,1,0
336006761,US,42935828,2011,1,0,2,1,2,0
336006762,US,44340938,2011,1,1,2,1,2,1
336006764,US,42309940,2011,1,0,2,1,2,0
336006765,US,42316549,2011,1,0,2,1,2,0
336008615,US,44341841,2011,0,0,1,1,1,0
336131542,US,44353095,2011,1,1,2,2,2,0
336225916,US,41664021,2011,1,0,2,1,2,0
336389418,US,42120010,2011,0,0,1,2,1,0
336477349,US,44475866,2011,1,1,2,1,2,4
336477350,US,44475867,2011,0,0,1,1,1,0
336477351,US,44475868,2011,1,0,2,1,2,0
336479195,US,44476629,2011,0,0,2,1,1,0
336497541,US,39708012,2011,1,1,2,1,2,2
336497544,US,40795198,2011,1,0,2,1,2,5
336621811,US,42073700,2011,0,0,2,1,2,0
336623188,US,44505361,2011,1,1,2,1,1,0
336623194,US,44505366,2011,0,0,1,1,1,0
336732860,US,44366927,2011,1,1,2,1,2,0
336732861,US,43797857,2011,1,0,2,1,2,0
336732866,US,44530664,2011,0,0,1,1,1,0
336822668,US,44544081,2011,1,0,1,1,1,0
336887023,US,40607009,2011,0,0,2,1,2,0
336888810,US,44560162,2011,0,0,2,1,1,0
336888821,US,44560164,2011,0,0,2,1,1,0
337105592,US,41669380,2011,1,0,2,1,2,0
337107512,US,44647405,2011,1,0,1,1,1,0
337107536,US,42083879,2011,0,0,2,1,2,0
337448057,US,44708737,2011,1,0,1,1,1,0
337450399,US,42341746,2011,1,1,2,1,2,0
337450409,US,42225458,2011,1,0,2,1,2,0
337691571,US,42234709,2011,1,0,2,1,2,0
337691754,US,39431463,2011,1,1,2,1,2,0
337885303,US,44777598,2011,1,0,1,1,1,0
337885464,US,43355993,2011,1,0,2,1,2,0
337891047,US,42316653,2011,1,0,1,1,2,0
337891052,US,44063760,2011,1,0,2,1,1,0
338128284,US,40790464,2011,0,0,2,1,2,0
338449391,US,44303565,2011,1,1,2,1,2,1
338449402,US,44304866,2011,0,0,2,2,2,0
338451115,US,44117631,2011,0,0,2,2,1,0
338451128,US,44522480,2011,0,0,2,1,1,0
338451130,US,44858388,2011,1,1,2,1,1,1
338783016,US,43010048,2011,0,0,1,1,2,0
338957918,US,42083880,2011,0,0,2,1,2,0
339186568,US,42119742,2011,1,0,2,1,1,0
339186569,US,42396102,2011,0,0,2,1,2,0
339188253,US,39597613,2011,0,0,2,1,2,0
339190059,US,42316511,2011,0,0,2,1,2,0
339402454,US,42633548,2011,1,1,2,1,2,2
339402455,US,40847880,2011,0,0,2,1,2,0
339402889,US,33547553,2011,0,0,2,1,1,0
339404442,US,45022290,2011,1,1,1,1,2,2
339404443,US,45003479,2011,1,1,1,1,2,2
339404446,US,44065541,2011,1,0,2,1,1,0
339404450,US,44366931,2011,1,1,2,1,2,1
339406425,US,43607257,2011,1,0,2,2,2,0
339618689,US,44366930,2011,1,0,2,1,2,0
339620428,US,42338723,2011,1,0,2,2,2,0
339768149,US,38219481,2011,1,1,2,2,2,0
339811896,US,44482612,2011,1,1,2,1,2,4
339813305,US,42269147,2011,0,0,2,1,2,0
340152758,US,44355105,2011,1,0,2,1,2,0
340152759,US,42198572,2011,0,0,2,1,1,0
340152939,US,44798101,2011,1,1,2,1,2,2
340154488,US,42710056,2011,0,0,2,1,2,0
340289224,US,40352563,2011,1,0,2,1,2,0
340289233,US,44520504,2011,1,1,2,1,2,1
340291092,US,44652096,2011,1,0,2,1,1,0
340291107,US,42077869,2011,1,0,2,1,2,0
340484459,US,44366926,2012,1,0,2,1,2,1
340650622,US,42237420,2012,0,0,2,1,2,0
340652281,US,41566767,2012,1,0,2,1,2,0
340924030,US,42562035,2012,1,0,1,1,2,0
340924031,US,41080785,2012,0,0,1,1,1,0
340924032,US,40639967,2012,1,0,2,1,2,0
341003607,EP,37481438,2012,1,0,2,1,2,1
341091935,US,42243684,2012,0,0,2,1,2,0
341249208,US,42982246,2012,1,0,2,1,2,1
341418547,US,42220847,2012,1,0,2,1,2,0
341418549,US,42779530,2012,1,0,2,1,2,0
341418731,US,42663870,2012,1,0,2,1,2,0
341421813,US,42781597,2012,0,0,2,1,2,0
341550845,US,42633442,2012,0,0,2,1,1,0
341550846,US,42741564,2012,0,0,2,1,2,0
341550847,US,42647364,2012,0,0,2,1,2,0
341715286,US,43028578,2012,1,0,2,1,2,0
341715289,US,41327653,2012,1,0,2,1,2,0
341716829,US,42562380,2012,1,0,2,1,2,0
341996100,US,42119755,2012,0,0,2,1,2,0
342103875,US,41008932,2012,0,0,2,1,2,0
342107323,US,41134545,2012,1,0,2,1,2,0
351966144,US,43032611,2012,1,0,2,1,2,0
352141097,US,41631967,2012,1,0,2,1,2,0
352142295,US,42238705,2012,0,0,2,1,1,0
352142301,US,41020847,2012,0,0,2,1,2,0
352142304,US,43222813,2012,1,0,2,1,2,0
352144212,US,42993679,2012,1,0,2,1,2,0
352146193,US,43125771,2012,0,0,2,1,2,0
352220608,EP,35727139,2012,1,0,2,1,2,2
352306847,US,40792049,2012,1,0,2,1,2,0
352308643,US,41401822,2012,1,0,2,1,2,0
352596984,US,42831082,2012,1,0,2,2,2,0
352771241,US,42260376,2012,1,0,1,1,2,0
352940889,US,40548247,2012,1,0,2,2,2,0
353120238,US,40639923,2012,1,0,2,1,2,0
353319655,US,42932245,2012,0,0,2,1,2,0
353319657,US,40774967,2012,1,0,2,1,2,0
353322971,US,42102376,2012,1,0,2,1,2,0
353467224,US,42320324,2012,0,0,2,1,2,0
353621417,US,44318287,2012,1,0,2,1,2,0
353624618,US,43499617,2012,1,0,1,1,1,0
363589568,US,43448163,2012,1,0,2,1,2,0
363591466,US,41667475,2012,1,0,2,2,2,0
363734065,US,42166017,2012,0,0,2,1,2,0
363735780,US,42670647,2012,1,0,1,1,1,0
363738056,US,43627428,2012,1,0,2,1,1,0
363978171,EP,38170014,2012,1,0,2,1,2,4
363983050,US,43410512,2012,1,0,2,1,2,0
363983056,US,43495159,2012,1,0,2,2,2,0
363984686,US,40637575,2012,1,0,2,1,2,0
363984715,US,41664598,2012,1,0,2,1,2,0
364113502,US,42728864,2012,0,0,2,1,2,0
364115227,US,39401353,2012,0,0,1,1,2,0
364115234,US,43448268,2012,1,0,2,1,2,0
364115235,US,43304664,2012,1,0,2,1,2,0
364119450,US,43302908,2012,1,0,2,1,1,0
364398047,EP,37571844,2012,1,0,2,1,2,2
364436885,US,44597066,2012,1,1,1,1,2,1
364666656,US,39930325,2012,1,0,2,1,2,0
364666658,US,41600742,2012,0,0,2,1,2,0
364715508,US,41129733,2012,1,0,2,1,2,0
364828181,US,43217718,2012,0,0,2,1,2,0
364828182,US,43217949,2012,1,0,2,1,2,0
365037468,US,43734403,2012,1,0,2,1,2,0
365199818,US,43126566,2012,0,0,2,1,2,0
365391023,US,43382370,2012,1,0,2,1,2,0
365628996,US,43525114,2012,1,0,2,1,2,0
365749787,US,43880324,2012,0,0,2,1,2,0
365749788,US,42614281,2012,0,0,2,1,2,0
365751457,US,43428648,2012,1,0,2,2,2,0
365751478,US,43827370,2012,1,0,1,1,1,0
365869477,US,42562976,2012,1,0,2,1,2,0
374797891,US,43796282,2012,0,0,2,1,1,0
374797967,US,43586700,2012,0,0,2,1,1,0
374799552,US,43992142,2012,1,0,2,1,2,0
374799555,US,43628472,2012,0,0,2,1,2,0
374835990,EP,37481288,2012,1,0,2,1,2,0
374979972,US,43843077,2012,1,0,2,1,2,0
374981403,US,43992133,2012,1,0,2,1,1,0
375205119,US,41460120,2012,1,0,2,1,2,0
375296450,US,42941953,2012,1,0,2,1,2,0
375634458,US,43243047,2012,1,0,2,1,2,0
375830763,US,44196243,2012,1,0,2,1,2,0
375844074,US,33435055,2012,1,1,2,1,2,9
375980869,US,44167744,2012,0,0,2,1,2,0
376348168,US,43969832,2012,1,0,2,1,2,0
376512312,US,41572690,2012,1,0,2,1,2,0
376646346,US,42105645,2012,1,0,2,1,2,0
378328412,US,44066979,2012,1,0,2,1,2,0
379855045,US,43758659,2013,1,0,2,1,2,0
