docdb_family_id,ipc_class
3522570,F03D7/02
7632792,F03D7/02
7634034,F03D7/04
7637663,F03D7/04
7637663,F03D9/00
7641030,F03D11/00
7641030,F03D7/02
7641030,F03D7/04
7641030,H02P9/00
7641584,F03D7/00
7641584,F03D7/02
7641584,F03D7/04
7641584,F03D9/00
7641584,H02G3/38
7641584,H02J3/38
7641584,H02J3/40
7641584,H02K7/18
7641584,H02P9/00
7641584,H02P9/04
7641584,H02P9/42
7641584,H02P9/48
7641891,F03D11/00
7641891,F03D7/02
7641891,F03D7/04
7647085,F03D11/00
7647085,F03D7/02
7647633,B64C27/00
7647633,B64C27/02
7647633,F01B25/26
7647633,F01D25/00
7647633,F03D11/00
7647633,F03D11/04
7647633,F03D7/00
7647633,F03D7/02
7648210,F03D7/00
7648210,G05B13/04
7648210,G05B17/02
7662857,F03D11/00
7662857,F03D7/02
7662857,F16C39/06
7662857,H02K7/09
7662857,H02K7/18
7664328,F03D11/00
7664328,F03D11/04
7664328,F03D7/02
7664328,F03D7/04
7673596,F03D1/06
7673596,F03D11/02
7673596,F03D7/02
7673596,F03D7/04
7673596,F03D9/00
7675751,F03D11/00
7675751,F03D7/02
7675751,F03D7/04
7675751,H02P9/04
7677928,F03D11/00
7677928,F03D11/04
7677928,F03D7/02
7677928,F03D7/04
7677928,H02K7/18
7677929,F03D11/00
7677929,F03D11/04
7677929,F03D7/00
7677929,F03D7/02
7677929,F03D7/04
7677929,G01P5/00
7679374,F03D11/00
7679374,F03D7/04
7679374,F03D9/00
7679374,G01D9/00
7680654,F03D7/02
7680654,F03D9/00
7680654,H02J3/38
7680654,H02P9/00
7680654,H02P9/42
7682117,F03D1/00
7682117,F03D11/00
7682117,F03D11/04
7682117,F03D7/02
7682248,F03D7/02
7682248,F03D7/04
7682248,F03D9/00
7682248,H02P9/04
7687149,F03D7/02
7687149,F03D7/04
7687149,F03D9/00
7687149,H02K16/00
7687372,F03D7/04
7687372,F03D9/00
7687374,F03D11/00
7687374,F03D7/02
7687374,F03D7/04
7687374,H01H19/18
7687374,H01H19/62
7692180,F03D7/02
7692180,F03D7/04
7692180,F03D9/00
7692180,H02P9/48
7693714,F03D11/00
7693714,F03D7/00
7693714,F03D7/02
7693714,F03D7/04
7693714,G01W1/02
7695161,F03D7/02
7695161,F15B11/12
7695161,F15B13/00
7696033,F03D7/02
7696219,F03D7/02
7696580,F03D1/06
7696580,F03D11/00
7696580,F03D11/04
7696580,F03D7/02
7696580,F03D7/04
7696580,F04D29/36
7696580,F16C19/18
7696580,F16C33/66
7697689,F03D1/06
7697689,F03D7/02
7700862,B63H1/06
7700862,F03D7/00
7700862,F03D7/02
7700862,F03D7/04
7700862,F03D9/00
7700862,G05D17/02
7700862,H02J3/38
7700862,H02P9/00
7700862,H02P9/04
7704364,F03D7/02
7710172,B64C11/28
7710172,F03D7/02
7710172,F04D29/26
7836808,F03D7/02
7836808,F03D7/04
7837740,F03D1/06
7852685,F03D7/00
7852685,F03D7/04
7852685,F03D9/00
7852685,H02J3/38
7852685,H02P9/00
7852685,H02P9/30
7852685,H02P9/44
7882388,F03D7/02
7882388,F03D7/04
7882388,H02P9/04
7900155,F03D11/00
7900155,F03D11/04
7900155,F03D7/02
7900155,F03D9/00
7913058,F03D11/00
7913058,F03D7/00
7924735,F03D11/00
7924735,F03D7/04
7924735,F03D9/00
7924735,G01H1/00
7924735,G01H3/00
7925269,F03D11/00
7925269,F03D7/02
7925269,F03D7/04
7925269,F16H21/44
7934482,F03D11/00
7934482,F03D7/02
7934482,F16C17/10
7934482,F16C33/20
7934557,F03D1/06
7934557,F03D11/00
7934557,F03D7/02
7934557,F03D7/04
7936775,F03D7/00
7936775,F03D9/00
7961146,F03D11/00
7961146,F03D7/00
7961146,F03D7/02
7961146,G01P13/02
7961146,G01P13/04
7961146,G01P5/165
8089123,F03D11/00
8089123,F03D7/04
8089123,G01H17/00
8089123,G01M99/00
8089123,G05D19/02
8092632,F03D11/00
8092632,F03D7/02
8092632,G01P5/26
8094193,F03D7/02
8096781,B64C27/32
8096781,F03D1/06
8096781,F03D7/02
8097738,F03D7/02
8104813,F03D7/02
8104813,F03D7/04
8104813,F03D9/00
8104813,F03D9/02
8104813,H02J3/36
8104813,H02P9/00
8104813,H02P9/04
8104813,H02P9/14
8104813,H02P9/30
8157165,F03D11/00
8157165,F03D7/00
8157165,F03D7/02
8159301,F03D7/02
8159301,F03D7/04
8159753,F03D1/06
8159753,F03D7/02
8160449,F03D1/02
8160449,F03D1/06
8160449,F03D11/00
8160449,F03D5/00
8160449,F03D7/02
8171034,F03D7/02
8180897,F03D1/00
8180897,F03D11/00
8180897,F03D11/04
8180897,F03D7/02
8310280,F03D1/00
8310280,F03D11/00
8310280,F03D11/04
8310280,F03D7/02
8310280,F03D9/00
8310280,H02K1/16
8310280,H02K1/24
8310280,H02K7/18
8495916,F03D7/06
8496468,F03D7/02
8498094,F03D11/04
8498094,F03D7/02
9548426,F03D1/02
9548426,F03D1/06
9548426,F03D7/00
9548426,F03D7/04
9548426,F03D9/00
9953844,B64C27/32
9953844,F03D7/02
9953844,F03D7/04
9953844,G01P5/26
9953844,G01S17/95
9957992,F03D7/04
9957992,H02J3/00
11042197,F03D1/04
11042197,F03D1/06
11042197,F03D7/02
11458889,F03D5/02
11458889,F03D7/02
18130821,F03D1/04
18130821,F03D11/04
18130821,F03D7/04
18130821,F03D9/00
18913892,F03D7/02
18913892,F03D7/04
18913892,F03D9/00
18913892,H02K1/22
18913892,H02K1/27
18913892,H02K15/03
18913892,H02K16/02
18913892,H02K21/00
18913892,H02K21/14
18913892,H02P9/00
18913892,H02P9/48
19156703,F03D7/02
19156703,F03D7/04
19156703,F03D7/06
19156703,F03D9/00
19156703,F03D9/02
19156703,H02P9/00
19189473,F03D1/02
19189473,F03D7/02
19189473,F03D7/04
19189473,F03D9/00
19685402,F03D1/06
19685402,F03D7/02
19685402,F03D7/04
19685402,F03D9/00
19910952,F03D7/04
19910952,F03D9/00
19910952,H02J3/38
19910952,H02P9/48
20279517,F03D7/02
20279517,H02P9/04
20279517,H02P9/30
20414778,F03B3/14
20414778,F03D1/06
20414778,F03D11/00
20414778,F03D7/02
20414778,F03D7/04
20414778,F03D9/00
20417849,F03D1/04
20417849,F03D11/00
20417849,F03D11/02
20417849,F03D11/04
20417849,F03D7/02
20417849,F03D9/00
21780855,F03D7/00
21780855,F03D7/02
21894182,F03D7/02
21907529,F03D11/02
21907529,F03D7/02
23266785,F03D11/00
23266785,F03D7/04
23266785,G06F15/00
23266785,G06F19/00
24123051,F03D7/02
24942667,F03D7/02
24942667,F03D9/00
25016102,F03D7/04
25016102,F03D9/00
25016102,H02J3/00
25016102,H02J3/38
25050770,F03D1/06
25050770,F03D7/02
25275303,F01D5/14
25275303,F03D7/02
25275303,F03G7/06
25522816,F03D7/02
25522816,F03D9/00
25522816,H02P9/30
26009137,F03D7/02
26009137,F03D7/04
26009137,F03D9/00
26009137,H02P9/00
26009545,F03D7/00
26009545,F03D9/00
26009545,G01R31/02
26009545,H02K11/00
26009545,H02K19/36
26009545,H02K7/06
26009545,H02P9/04
26009718,F03D1/02
26009718,F03D11/04
26009718,F03D7/02
26050411,F03D7/02
26050411,F03D7/04
26050411,F03D9/00
26050411,H02P3/24
26053718,F03D11/00
26053718,F03D7/00
26053718,F03D7/04
26053718,H02P9/00
26055277,F03D7/00
26055277,G01H3/08
26055277,G01H3/14
26055277,G10L15/16
26055277,G10L17/00
26055277,G10L21/02
26246824,F03D7/02
26246824,F03D7/04
26246824,H02K21/24
26246824,H02K3/47
26246824,H02P3/12
26246824,H02P3/22
26783507,F03D7/00
26783507,F03D9/02
26916487,F03B15/06
26916487,F03B15/16
26916487,F03D7/04
26918424,F03D11/02
26918424,F03D7/04
26918424,H02P9/04
27093569,F03D7/02
27093569,F03D9/00
27093569,H02P9/00
27093569,H02P9/04
27093569,H02P9/30
27093569,H02P9/42
27220727,F03D7/02
27393500,F03D11/00
27393500,F03D7/04
27419396,F03D7/04
27419396,H02J3/00
27532070,B63H1/06
27532070,B63H11/00
27532070,F03B15/06
27532070,F03D7/02
27532070,F03D9/00
27532070,H02P9/04
27598276,F03D11/02
27598276,F03D7/04
27598276,F16H47/02
27598276,F16H47/04
27659983,F03D7/02
27659983,F03D9/00
27659983,H02P9/04
27675811,F03D7/02
27675811,F03D9/00
27741484,F03D7/02
27741484,F03D7/04
27741484,G02B21/00
27741484,G02B21/06
27741484,G02B21/36
27741484,G02B26/00
27805233,B63B35/44
27805233,F03B13/00
27805233,F03D1/02
27805233,F03D11/04
27805233,F03D9/00
27805233,H02P9/04
28050789,B60T13/22
28050789,B60T13/66
28050789,F03D7/02
28050790,B60T13/22
28050790,F03D7/02
28050863,F03D1/00
28050863,F03D11/00
28050863,F03D7/02
28050863,H01H19/18
28798968,F03D1/06
28798968,F03D11/00
28798968,F03D11/02
28798968,F03D11/04
28798968,F03D7/00
28798968,F03D7/04
28798968,G01L5/00
28799100,F03D11/00
28799100,F03D7/02
28799100,F16C17/10
28799100,F16C17/26
28799101,F03D11/00
28799101,F03D7/02
28799101,F16C17/10
28799101,F16C17/26
28799102,F03D11/00
28799102,F03D7/02
29264853,B64C11/32
29264853,F03D7/02
29264853,F03D7/04
29265837,B64C11/06
29265837,F03B1/00
29265837,F03D1/06
29265837,F03D11/00
29265837,F03D7/02
29265837,F03D7/04
29265837,F15B21/04
29267358,F03D7/04
29267358,F03D9/02
29267358,H01M10/44
29267358,H01M8/00
29267358,H01M8/04
29267358,H01M8/18
29267358,H01M8/20
29267358,H02J7/00
29267358,H02P9/00
29271595,F03D11/02
29271595,F03D7/04
29271595,F03D9/00
29285673,F03D11/00
29285673,F03D7/02
29285673,F16C17/10
29285673,F16C23/02
29413788,F03D1/00
29413788,F03D11/02
29413788,F03D7/00
29415152,F03D7/02
29415152,F16D55/32
29415152,F16D65/095
29415152,F16D69/04
29549829,F03D11/02
29549829,F03D9/00
29549829,F04B17/02
29549829,F16H61/42
29583721,F03D7/02
29595354,F03D11/00
29595354,F03D11/04
29595354,F03D7/02
29710348,F03D7/02
29710348,F03D7/04
29710348,F03D9/00
29715422,F03D7/04
29715422,F03D9/00
29715422,H02P9/04
29719109,B63H1/06
29719109,F03D11/00
29719109,F03D7/02
29720179,F03D1/06
29720179,F03D7/02
29731844,F03D7/02
29796368,F03D11/00
29796368,F03D7/02
29796368,F04D29/08
29796368,F16C19/54
30010680,F03D7/02
30010680,F15B11/00
30010680,F15B20/00
31185862,F03B13/00
31185862,F03B13/10
31185862,F03D1/04
31185862,F03D11/04
31185862,F03D3/04
31185862,F03D7/04
31185862,H02P9/04
31187021,F03D7/02
31984389,F03D11/00
31984389,F03D7/02
31991262,F03D7/02
31993101,F03D7/00
31993101,F03D7/02
32042844,F03D7/02
32092555,F03D1/00
32092555,F03D7/00
32092827,F03D7/02
32092827,F03D9/00
32092827,H02K16/00
32092827,H02K29/10
32092827,H02K5/15
32092827,H02K7/08
32092827,H02K7/102
32092827,H02K7/18
32303311,F03D1/00
32303311,F03D1/06
32303311,F03D11/00
32303311,F03D11/02
32303311,F03D11/04
32303311,F03D7/02
32303311,F03D7/04
32319513,F03D7/02
32319513,F03D9/00
32319513,H02J3/00
32319513,H02K16/04
32319513,H02K7/18
32321662,F03D9/00
32321662,H02P9/00
32321662,H02P9/04
32321662,H02P9/08
32480341,B63H1/06
32480341,F03D11/00
32480341,F03D7/02
32519827,B64C11/30
32519827,F03D7/02
32519827,F03D7/04
32587986,F03D1/06
32587986,F03D7/02
32652579,F03D11/00
32652579,F03D7/02
32652579,F16C33/72
32652579,F16J15/16
32652579,F16J15/32
32668617,B63H1/06
32668617,F03D11/00
32668617,F03D7/00
32668617,F03D7/02
32694867,F03D7/04
32694867,F03D9/00
32694867,H02P9/40
32708399,F03B15/08
32708399,F03B15/16
32708399,F03D7/00
32708399,F03D7/04
32708399,F03D9/00
32708399,H02P21/14
32708399,H02P9/00
32708399,H02P9/04
32708399,H02P9/10
32708399,H02P9/14
32708399,H02P9/48
32735561,F03D7/02
32735561,F03D7/04
32771011,F03D11/00
32771011,F03D7/02
32771043,F03D11/00
32771043,F03D7/02
32829013,F03D11/00
32829013,F03D7/04
32829013,F03D9/00
32829013,F03D9/02
32829013,H02J3/38
32829013,H02P9/00
32864375,F03D11/00
32864375,F03D7/02
32864375,F16C17/10
32864375,F16C17/26
32864376,F03D11/00
32864376,F03D7/02
32864376,F16C17/10
32864376,F16C17/26
32864376,F16C25/02
32865083,F03D7/02
32865083,F03D9/00
32865083,H02J3/38
32865083,H02P9/04
32910021,F03D7/02
32910021,F03D7/04
32910021,F03D9/00
32910021,H02P9/04
32922153,F03D7/02
32922153,F03D9/00
32922153,H02P7/00
32922153,H02P9/04
32962699,F03D9/00
32962699,F03D9/02
33039099,F03D7/02
33039099,F03D9/02
33039099,H02J7/32
33039099,H02J7/34
33039175,F03D11/00
33039175,F03D7/02
33039175,F04D29/04
33039175,F16H57/04
33130859,F03D1/06
33130859,F03D7/02
33186211,F03D7/00
33186211,F03D7/02
33300065,B63H1/06
33300065,F03D1/06
33300065,F03D11/02
33300065,F03D11/04
33300065,F03D7/02
33300065,F03D7/04
33304930,F03D11/00
33304930,F03D7/02
33304930,F03D9/00
33304930,H02P9/04
33394310,B60T13/68
33394310,F03D7/02
33417860,F03D7/04
33417860,G01W1/00
33417860,G05D9/00
33417860,G06F19/00
33426916,F03B15/06
33426916,F03B3/12
33426916,F03D1/06
33426916,F03D7/02
33426916,F03D7/04
33427410,F03D1/04
33427410,F03D7/02
33435055,H02P11/00
33435055,H02P7/06
33435055,H02P9/00
33435055,H02P9/04
33435055,H02P9/10
33435055,H02P9/44
33435055,H02P9/46
33435955,F03D7/00
33435955,F03D7/02
33435955,F03D9/00
33435955,F03D9/02
33441310,F03D11/00
33441310,F03D7/04
33441310,F04D27/02
33441310,F04D29/00
33514968,B23K9/10
33514968,F02N15/06
33514968,F03D3/00
33514968,F03D7/04
33514968,F03D9/00
33514968,H02H7/06
33514968,H02K7/18
33514968,H02P11/00
33514968,H02P9/00
33515012,B63H1/06
33515012,F03D3/00
33515012,F03D3/06
33539078,F03D7/04
33539078,F03D9/00
33539078,F03D9/02
33547553,F03D1/00
33547553,F03D11/00
33547553,F03D7/00
33547553,F03D7/02
33547553,G08B21/00
33550055,F03D1/06
33550055,F03D11/04
33550055,F03D7/02
33550055,F03D7/04
33550055,G01P13/02
33550055,G01P5/06
33550481,F03B15/06
33550481,F03D11/04
33550481,F03D7/04
33550481,F03D9/00
33550481,F16D31/02
33550481,H02P9/04
33562574,F01D15/10
33562574,F03D7/04
33562574,F03D9/00
33562574,H02H7/06
33562574,H02P11/00
33562574,H02P21/05
33562574,H02P9/00
33562574,H02P9/10
33562780,F03D11/00
33562780,F03D7/02
33562780,F03D7/04
34063455,F03D7/02
34063455,F03D9/00
34063455,H02J3/18
34063455,H02P9/00
34103166,F03D11/00
34103166,F03D7/02
34112651,F03D7/02
34129838,F03D7/00
34129838,F03D7/04
34129838,F03D9/00
34129838,H02H7/06
34129838,H02P9/00
34139873,F03D7/02
34139873,F03D7/04
34139873,F03D9/00
34139873,F16H1/32
34139873,H02P1/04
34139873,H02P9/04
34177692,F03D7/02
34177692,F03D9/00
34177692,F03D9/02
34177692,H02P9/48
34178077,B60T11/00
34178077,F03D7/02
34178077,F16D55/08
34178077,F16D65/14
34192527,F03D7/02
34194910,F03D7/04
34194910,F03D9/00
34194910,G06F1/24
34194910,G06F15/16
34194910,G06F17/00
34194910,G06F17/30
34194910,G06F7/04
34194910,G06F7/58
34194910,G06F9/00
34194910,G06K19/00
34194910,G06K9/00
34194910,H04L9/32
34203138,F03D11/00
34203138,F03D7/02
34259111,F03D7/02
34259111,F03D7/04
34259111,F03D9/00
34276543,F03B13/00
34276543,F03D7/04
34276543,F03D9/00
34276543,H02J3/40
34276543,H02P9/00
34276543,H02P9/04
34315649,B64C11/06
34315649,F03D7/02
34315649,F03D7/04
34353399,F03D7/02
34353430,F03D1/06
34353430,F03D7/02
34353430,F03D7/04
34355502,E04H12/18
34355502,F03D11/04
34355502,F03D7/02
34355502,F03D7/04
34385055,F03D7/02
34399758,F03D7/02
34399758,F15B11/024
34429593,F03D7/00
34429593,F03D7/02
34429593,G05B23/02
34486439,F03D1/04
34486439,F03D11/04
34486439,F03D7/02
34521913,F03D7/02
34530352,F03D7/04
34530352,F03D9/00
34530352,H02J3/00
34530352,H02J3/18
34530352,H02J3/38
34530405,F03D11/02
34530405,F03D7/00
34530405,F03D7/02
34530405,F03D7/04
34530405,F16H47/08
34530405,F16H61/50
34530405,F16H61/56
34530405,G05D16/02
34558188,F03B15/00
34558188,F03D7/02
34558188,F03D9/00
34558188,H02J3/40
34558188,H02K16/00
34558188,H02K17/18
34558188,H02K17/42
34558188,H02K7/18
34558188,H02P9/00
34558188,H02P9/14
34558188,H02P9/30
34559138,F03D7/04
34559138,F03D9/00
34559138,H02J3/40
34609975,F03D7/00
34609975,F03D7/02
34609975,F03D7/04
34635435,F03D11/04
34635435,F03D7/02
34635435,F03D9/00
34635435,H02J3/38
34635435,H02J9/00
34650813,F03D1/06
34650813,F03D7/02
34650813,F03D7/04
34672716,B62M1/00
34672716,F03D7/02
34672716,F15B7/00
34676769,F03B15/06
34676769,F03D1/00
34676769,F03D7/02
34676769,F03D9/00
34676769,H02K7/18
34679397,F03D7/02
34679397,F03D7/04
34679397,F03D9/00
34679397,G05D19/02
34679397,H02H7/06
34679397,H02P11/00
34679397,H02P5/747
34679397,H02P9/00
34679397,H02P9/02
34679397,H02P9/04
34681755,F03D7/02
34681755,F03D7/04
34681755,F03D9/00
34681755,H02H7/06
34681755,H02P11/00
34681755,H02P9/00
34681755,H02P9/02
34681755,H02P9/04
34737118,F02C6/00
34737118,F03D7/00
34737118,F03D7/02
34737118,F03D9/00
34737118,G05F5/00
34737118,H02P9/00
34737118,H02P9/04
34737118,H02P9/08
34737118,H02P9/14
34737118,H02P9/44
34737118,H03B5/00
34746184,F03D7/02
34753150,F03D7/06
34778141,F03D11/00
34778141,F03D7/04
34854339,F03D1/06
34854339,F03D11/00
34854339,F03D7/00
34854339,F03D7/02
34859221,F03D11/00
34859221,F03D7/02
34859221,F03D7/04
34859221,F04D27/02
34908870,F03D7/04
34908870,F03D9/00
34908870,H02P9/04
34909985,B63H1/06
34909985,F01D7/02
34909985,F03D1/06
34909985,F03D11/04
34909985,F03D5/00
34909985,F03D7/04
34909985,F03D9/00
34909985,F04D7/04
34912417,F01D1/12
34912417,F02B33/44
34912417,F03D7/02
34912417,F04B17/00
34926988,B64C27/54
34926988,F03D7/00
34926988,F03D7/02
34934229,F03D1/06
34934229,F03D11/04
34934229,F03D7/02
34935212,F03D9/00
34935212,H02P9/04
34936138,F03B11/00
34936138,F03D1/00
34936138,F03D1/06
34936138,F03D7/00
34936138,F03D7/02
34937742,F03D1/00
34937742,F03D7/02
34937742,F03D7/04
34941028,B63H1/00
34941028,F03D7/04
34941101,B63H1/00
34941101,F03D7/04
34957948,F03D11/00
34957948,F03D7/02
34957948,F03D7/04
34957948,G06F1/28
34958415,B63H1/06
34958415,F03D11/02
34958415,F03D7/00
34958415,F03D7/02
34959687,F03D9/00
34959687,H02P9/10
34959688,F03D7/04
34961759,B64C11/30
34961759,F03D11/00
34961759,F03D7/02
34961759,G01P13/02
34961759,G01P5/06
34961759,G01P5/14
34961759,G01P5/165
34962866,F03D1/00
34962866,F03D7/02
34962866,F03D9/00
34962866,H02P9/04
34966536,F03D11/00
34966536,F03D7/02
34966536,F03D9/00
34966859,F03D1/04
34966859,F03D7/02
34966859,F03D9/00
34966859,H02P9/04
34967793,F03D7/02
34967793,F03D7/04
34967793,F03D9/00
34967793,F03D9/02
34967793,H02P9/00
34969837,F03D7/02
34969837,F03D7/04
34969837,F03D9/00
34969837,H02P9/04
34970368,F03D7/02
34970368,F03D7/04
34975926,F03D7/00
34975926,F03D7/02
34975926,F03D7/04
34975926,F03D9/00
34975926,H02P9/00
34981372,F03D9/00
34981372,H02P9/04
34990046,F03D1/00
34990046,F03D1/02
34990046,F03D7/02
35005063,F03D11/02
35005063,F03D7/02
35005063,F03D9/00
35005601,F03D1/04
35005601,F03D7/00
35005601,F03D7/04
35079222,F03D1/06
35079222,F03D7/02
35079222,F03D7/04
35079345,B64C27/50
35134119,F03B13/00
35134119,F03B13/10
35134119,F03D9/00
35134119,H02K5/24
35134119,H02P9/04
35134119,H02P9/10
35136612,B63H1/06
35136612,F03D7/02
35136612,F03D7/04
35276530,B63H3/00
35276530,F03D7/02
35320281,F03D7/04
35320281,F03D9/00
35320281,H02P9/04
35344643,F03D11/00
35344643,F03D7/02
35355814,F03D7/02
35355814,F03D7/04
35404798,F03D1/06
35404798,F03D7/02
35404798,F03D9/02
35432892,F03D11/04
35432892,F03D7/02
35432892,F03D7/04
35432892,F03D9/00
35448152,F03D1/00
35448152,F03D7/04
35448152,F03D9/00
35448152,H02P9/04
35452679,F03D7/00
35452679,H02J1/14
35455150,F03D1/06
35455150,F03D11/00
35455150,F03D7/02
35455150,F03D7/04
35455150,F03D9/00
35455150,G01N33/00
35458772,F03D11/00
35458772,F03D7/02
35464091,F03D7/02
35464091,H02P3/08
35464091,H02P3/10
35464091,H02P3/14
35464091,H02P7/00
35464091,H02P7/28
35482128,F03D7/00
35482128,F03D7/04
35482128,F03D9/00
35502293,F03D11/00
35502293,F03D7/02
35502293,F16H57/04
35502293,F16N7/12
35513109,F03D9/00
35513109,H02P9/04
35514092,B63H1/00
35514092,F03D7/04
35514093,F03D1/00
35514093,F03D7/04
35520062,F01D5/14
35520062,F03B3/12
35520062,F03D7/00
35539359,F03D1/00
35589532,B63H1/06
35708589,F03D9/00
35721676,F03D7/00
35721676,F03D9/00
35721676,H02P9/04
35727139,F03D7/02
35727139,F03D7/04
35727139,G05B13/02
35746213,F03D11/00
35746213,F03D7/04
35787015,F03D1/00
35787015,F03D7/02
35787015,F03D9/00
35789234,E03C1/05
35799306,F01D15/10
35799306,F03B13/00
35799306,F03D9/00
35799306,G05D17/00
35799306,H02K7/18
35799306,H02P9/04
35809593,F03B3/14
35809593,F03D11/00
35809593,F16C19/00
35809647,B64C11/30
35809647,G01B3/44
35840322,F03D9/00
35840322,G05D11/00
35840322,G05D17/00
35840322,G05D3/12
35840322,G05D5/00
35840322,G05D9/00
35840322,H02J3/38
35840322,H02P9/04
35841849,F03D9/00
35841849,G05B13/02
35853075,F03D1/04
35853075,F03D11/04
35853942,G05B19/05
35873125,B64C11/06
35873125,F03D1/06
35873125,F03D11/00
35929971,B63H1/26
35929971,B63H7/02
35929971,B64C11/16
35929971,B64C11/24
35929971,B64C27/46
35929971,F01D5/14
35929971,F01D5/18
35929971,F03B3/12
35929971,F03B7/00
35929971,F03D1/06
35929971,F03D11/02
35929971,F03D7/04
35929971,F04D29/38
35998481,F03D9/00
35998481,G05D17/00
35998481,H02J3/18
35998481,H04J3/18
36096722,F03D7/02
36118067,H02H7/06
36118067,H02J1/10
36118097,H02H7/06
36118097,H02J1/00
36121303,F03D1/06
36121303,F03D3/06
36121303,F03D7/02
36147049,A01K15/04
36147049,F03D7/04
36407933,F03D9/00
36407933,H02P7/00
36407933,H02P9/04
36615418,F03D9/00
36615418,H02P9/04
36653410,F03D7/06
36729332,F03D7/02
36758626,F03B3/12
36758626,F03D11/00
36758626,G01P3/16
36758626,G01P3/22
36758626,G01P3/44
36764595,H02J3/46
36764595,H02P9/00
36782307,F03D7/04
36782307,F03D9/00
36782307,H02P9/04
36869901,F03D1/06
36869901,F03D7/02
36869901,F03D9/00
36869906,F03D7/00
36869906,F03D9/00
36869917,B64C27/54
36869917,F04D29/36
36916479,F03D9/00
36916479,H02P9/04
36928256,F03D9/00
36928256,G06F19/00
36928256,H02P9/04
36928409,F03D7/00
36928409,F03D9/00
36928409,H02P9/04
36933610,B63H1/24
36933610,F03D11/00
36940041,F03D7/04
36940041,F03D9/00
36998545,F03D9/00
36998545,H02P9/04
37011542,F03D9/00
37011542,G05B5/00
37011542,H02P9/04
37022124,F03B15/06
37022124,F03D1/00
37022124,F03D1/04
37022124,F03D7/02
37023957,F03D1/02
37023957,F03D9/00
37027500,G01M99/00
37074201,B63H1/06
37074201,F03D7/04
37076124,H02J3/24
37076124,H02J3/38
37114539,F03D9/00
37187106,F03D3/06
37304041,F03D7/00
37304041,F03D7/04
37304041,F03D9/00
37304041,H02P9/04
37310392,F03D7/04
37311884,F01D7/00
37311884,F03D3/06
37402106,F03D9/00
37402106,H02P9/04
37441907,B63H3/06
37441907,F03D9/00
37481288,F16C19/18
37481288,F16C19/38
37481288,F16C19/40
37481288,F16C19/46
37481288,F16C19/50
37481288,F16C33/58
37481438,F03D7/02
37482521,F03D9/00
37482521,H02P9/04
37491216,F03D7/02
37491216,F03D9/00
37560923,F03D9/00
37567596,F03B7/00
37567596,F03D7/02
37571844,F03D7/02
37571844,F03D7/04
37622008,F03B11/00
37622008,F03D7/02
37622008,F16C33/00
37637522,H02P9/04
37649471,F01D7/00
37649471,F03D1/06
37649471,F03D11/00
37649471,F03D7/02
37663118,F01D5/00
37663118,F03D7/04
37665466,F01D5/14
37668336,B64C11/06
37669295,B64C11/00
37669295,F03D9/00
37669295,H02P9/04
37669465,F03D1/06
37671968,F03D7/02
37671968,F03D9/00
37671968,H02J9/06
37672449,G01P13/00
37672449,G01W1/00
37683696,F03D7/00
37683696,F03D9/00
37683696,H02P9/04
37693506,F03D9/00
37693506,H02P9/04
37711833,H02J1/00
37711833,H02J3/40
37711833,H02P9/00
37714317,E02D35/00
37714317,E04H12/18
37714317,E04H12/34
37714317,F03D11/04
37734774,F03D11/00
37734774,F03D7/04
37734774,H04M11/00
37776596,F03D1/00
37776596,F03D7/00
37776596,F03D7/02
37776596,F03D7/04
37854337,F03D7/04
37854337,F03D9/00
37854337,H02P9/04
37865899,F03D7/04
37873336,F03D9/00
37873336,H02P9/00
37873336,H02P9/04
37885832,F03D11/02
37885832,F03D7/00
37885832,F03D7/04
37885832,F03D9/00
37888154,F16D55/08
37888154,F16D65/18
37909986,B60K16/00
37909986,B60L8/00
37909986,F03B17/02
37909986,F03G6/00
38001770,B63H1/06
38003906,B63H3/00
38003906,F03D7/00
38006097,F03B13/00
38006097,F03B13/10
38006097,F03D7/00
38006097,F03D9/00
38006097,H02P9/04
38015549,F03D11/00
38015549,F03D7/00
38015549,F16N11/00
38051815,F03D7/04
38051815,F03D9/00
38051815,H02P9/04
38069075,F03D9/00
38069075,H02P9/04
38118934,B64C27/615
38118934,F03D9/02
38134496,F03D7/00
38134496,H02P9/04
38147611,F03D7/00
38162135,B64C27/54
38162135,F01B7/18
38162135,F01L31/00
38162135,F15B13/044
38162135,F15B13/16
38170014,F03D7/02
38170014,F03D7/04
38197650,F03D9/00
38197650,H02P9/00
38198255,F03D11/02
38198255,F03D7/00
38198827,F03D7/00
38219481,E04D3/38
38219481,E04D3/40
38219481,F03B13/00
38219481,F03D9/00
38219481,H02P9/04
38222469,F03D11/00
38222469,F03D9/00
38222469,H02P9/04
38222676,F03D11/00
38222676,F03D11/02
38222676,F03D11/04
38222676,F03D7/04
38232891,F03D7/02
38255293,H02P9/04
38261594,F03D9/00
38261594,H02P9/04
38283286,F01D11/22
38283286,F01D21/04
38286555,F03D9/00
38286555,G05D3/12
38286555,G06F19/00
38309665,F03D9/00
38309665,H02P9/04
38335543,F02D29/06
38335543,F03D9/00
38335543,H02P9/04
38335543,H02P9/42
38335742,F02D29/06
38335742,F03D9/00
38335742,H02P9/04
38337032,F03B15/06
38337032,F03D7/00
38337032,F03D7/02
38337032,F03D9/00
38337032,H02P9/04
38344885,F03D7/00
38366946,G01L3/00
38459040,F03D7/00
38459040,F03D9/00
38459040,H02P9/00
38459383,F03D7/00
38460313,F03B3/14
38460983,F01D7/00
38460983,F03D7/00
38460983,G01M1/16
38470837,F03D3/00
38470837,F03D9/00
38470837,H02P9/00
38472820,F01D5/14
38472820,F03D1/06
38472820,F04D29/38
38510334,F03B15/06
38510334,F03D11/04
38514238,H02H9/00
38514238,H02P13/00
38515461,F03D7/00
38515461,F03D7/02
38515503,B63H3/00
38515503,F03D7/00
38515503,F03D9/00
38515503,G05B11/01
38515503,G05B19/18
38515503,G05B9/02
38515503,G05D3/12
38515805,F03D9/00
38515805,H02P9/00
38515805,H02P9/04
38517024,F03D9/00
38517024,H02P9/04
38517025,F03D7/02
38517025,F03D9/00
38517025,H02J3/42
38517025,H02P9/04
38517026,F03D9/00
38517026,H02P9/00
38517026,H02P9/04
38519700,F03D7/00
38522930,F03D9/00
38522930,H02P9/04
38543649,F03D7/00
38543649,F03D9/00
38543649,H02P9/04
38543649,H04J3/02
38543649,H04L12/413
38564006,F16C19/49
38565885,E04H12/00
38565885,F03D11/04
38565885,F03D7/00
38566895,G05D11/00
38566895,H02P9/04
38577937,F03D7/00
38577937,F03D7/04
38577937,F03D9/00
38596273,F01D5/02
38596273,F03D11/00
38596273,F03D7/00
38596273,F16F15/32
38608871,F03D7/02
38625329,F03D9/00
38625329,G05B13/02
38625329,G05D3/12
38625329,H02P9/04
38654935,B64C3/46
38654935,F01D5/14
38654935,F01D7/00
38654935,F03D11/00
38657257,F03D11/04
38657257,F03D7/02
38666822,H02P9/04
38667500,F03D7/00
38669878,B64C21/04
38669878,B64C21/08
38669878,F03D1/06
38669878,F03D7/04
38694113,B64C27/00
38694113,F03D7/00
38724397,B60T13/22
38724397,B60T8/18
38724397,F16D65/18
38739430,F03D11/00
38739430,F03D7/02
38740123,F03D9/00
38740123,H02J3/46
38740123,H02P3/02
38740163,F03D7/00
38740163,F03D9/00
38740163,H02J1/00
38740163,H02J3/00
38740163,H02J3/38
38752541,F03D9/00
38752541,H02P9/02
38752541,H02P9/04
38759543,F03D11/00
38759543,F03D9/00
38759543,H02P9/04
38761231,F03D9/00
38761231,G06F17/40
38761231,G06F19/00
38776817,F01D7/00
38776817,F03D7/00
38776817,F03D7/04
38776817,H02P5/00
38776817,H02P6/08
38778155,G05D11/00
38778155,H02P9/04
38779043,B23P11/00
38779043,F03D11/00
38779043,F03D7/04
38787027,F03D9/00
38787027,H02P9/04
38805602,F03D1/06
38805602,F03D11/00
38807850,F03D9/00
38807850,H02K19/16
38807850,H02P9/04
38813859,H02P9/06
38814477,B63H3/00
38814477,B64C11/42
38814486,H02H11/00
38814486,H02P9/04
38822197,B64C27/00
38846415,B64C11/20
38846415,B64C11/34
38846415,F01D5/14
38846415,F03D11/00
38846951,F03D7/04
38859576,F03D9/00
38859576,H02P9/04
38875816,F03D9/00
38875816,H02P9/00
38875816,H02P9/04
38884885,B63H3/00
38884885,F03D11/00
38884885,G01F25/00
38895466,F03D9/00
38895466,H02P9/04
38923515,F03D1/02
38935921,G05D19/02
38935921,G06F1/28
38959662,F03D11/02
38959662,F03D9/00
38959662,H02P9/00
38959662,H02P9/04
38962000,F03D11/00
38962528,F03D7/02
38967797,F03D1/00
38967797,F03D7/00
38967797,F03D7/02
38981831,F03B3/14
38981831,F03D11/00
38983706,B64C11/42
38983706,F03D7/00
38984200,F03D11/00
38984200,F03D7/02
38995149,F03D11/00
38996209,B64C11/30
38996209,F01D25/18
38996209,F03D11/00
38996209,F03D7/00
38998346,F03D9/00
38998346,H02P9/04
39020544,F03D7/00
39020544,F03D9/00
39020544,H02P9/04
39027518,F03D9/00
39027518,H02P9/04
39032120,F03D7/04
39032120,F03D9/00
39032120,H02P9/04
39081588,F03D1/00
39081588,F03D7/02
39092242,F03D7/04
39092242,F03D9/00
39092242,G01M99/00
39092242,G01P3/00
39106077,F03B15/18
39106077,F03B3/14
39106077,F03D1/06
39106077,F03D7/02
39106077,H02J9/06
39106077,H02P1/54
39106077,H02P3/08
39106077,H02P4/00
39107009,F03D7/00
39107009,F03D9/00
39107009,H02P9/04
39142757,F03B13/10
39142757,F03D7/00
39142757,F03D9/00
39142757,G05D3/12
39142757,G05F1/70
39146855,F03D1/06
39146855,F03D7/02
39146855,F03D9/00
39156248,B64C27/00
39156541,F03B11/00
39156541,F03D11/00
39156541,F03D7/04
39167923,F03D11/00
39167923,F03D7/00
39167923,G05B23/00
39167923,G05B23/02
39188801,F03D1/06
39204124,H02P9/04
39204124,H05B3/00
39204124,H05B3/78
39230438,H02P9/04
39251168,F03D7/02
39262797,F03D9/00
39262797,G01R21/00
39262797,G06F19/00
39262797,H02P9/04
39262998,F01D25/04
39262998,F03D11/04
39262998,F03D7/00
39263105,G01F1/00
39263105,G01L25/00
39267901,F03D11/00
39267901,F03D7/02
39276257,B64C9/00
39276257,F03D1/06
39276257,F03D7/04
39282460,B63H3/10
39282460,B64C11/30
39282460,F01D7/00
39282460,F03D7/04
39304522,G06F1/26
39311311,F03D7/02
39311312,F03D9/00
39311312,H02P9/04
39313563,F03D7/04
39314392,G01M15/14
39338983,F03D11/00
39338983,F03D7/00
39338983,F03D9/00
39344637,F03D11/04
39344637,F03D7/02
39356556,F03D9/00
39356556,G05D23/00
39356556,H02P9/04
39359107,H02P9/04
39362977,F03D7/00
39362977,F03D9/00
39364044,B63H7/00
39364044,B64C11/00
39364044,B64C27/00
39364044,F03D7/02
39364044,F03D9/00
39364044,F04D27/02
39364044,G05B13/02
39364044,G05B15/02
39364044,G05D17/00
39364044,G05D3/12
39364044,H02P9/04
39364868,F03D7/00
39364868,G06F1/28
39364868,H02J3/38
39364868,H02P9/04
39367323,B60W10/04
39367323,B60W10/10
39367323,F02B63/04
39367323,F03D9/00
39367323,F16H35/02
39367323,F16H35/06
39367323,F16H35/08
39367323,F16H47/04
39367323,H02K7/10
39367323,H02K7/18
39367323,H02P9/04
39401353,H02P9/04
39415361,F03D7/00
39415361,G01P3/44
39428000,F03D1/06
39428000,F03D7/02
39431463,F03D9/00
39431463,H02P9/04
39431463,H02P9/10
39462164,B63H3/06
39462164,F01D7/00
39462164,F01N5/00
39462164,F04D29/66
39462164,G10K11/16
39463899,F03D1/06
39492648,F03D7/02
39492648,F03D7/04
39493537,F03D9/00
39494479,G06F1/26
39496168,F03D1/06
39496168,F03D11/00
39496168,F03D7/02
39509845,B60T10/02
39509845,B60T13/68
39509845,F16D65/18
39530965,F03D9/00
39530965,H02J3/00
39530965,H02P9/04
39530965,H02P9/10
39536770,F03D11/00
39536770,G01M19/00
39536770,G06F19/00
39543051,F01D5/10
39543051,F03D7/00
39543051,F03D7/04
39560848,B64C11/28
39560848,H02P9/04
39563434,F03D11/00
39563434,F16C33/00
39575569,F01D25/24
39575569,F03D1/00
39575569,F03D11/00
39575569,F24F13/10
39577326,F03D7/00
39577326,F03D9/00
39577326,H02P9/00
39577397,F03D11/00
39577397,F03D7/04
39577397,F03D9/00
39577397,H02J3/01
39590397,F03D9/00
39590397,H02J3/38
39590878,F03D1/06
39590878,F03D11/00
39591794,F03D7/00
39591794,F03D7/04
39591988,F03D1/06
39591988,F03D7/02
39593610,F01D21/04
39593610,F01D21/14
39593610,H02K19/36
39593610,H02P9/00
39593610,H02P9/10
39593610,H02P9/14
39597613,F03D7/00
39645219,F03D1/06
39645219,F03D7/04
39645840,F03D9/00
39645840,F03D9/02
39645840,H02P9/04
39667111,F03D9/00
39667111,F03D9/02
39667111,H02J7/14
39667111,H02J7/34
39668209,F04D27/00
39668209,F16H37/06
39673853,F03D7/04
39673853,F03D9/00
39674533,F03D9/00
39674533,F24F3/14
39674533,F24J3/08
39674533,F25D17/06
39674533,F25D21/14
39674533,F28D15/00
39674533,H02K9/26
39679299,B64C27/615
39679299,F01D5/14
39679299,F03D11/00
39681656,B23P11/00
39681656,F16H1/32
39681656,F16H23/00
39682249,G06F19/00
39685195,F03B13/00
39685195,F03D7/00
39685195,F03D9/00
39685195,H02P9/00
39685195,H02P9/04
39708012,F03D9/00
39708012,H02P9/04
39717819,F03D7/00
39717819,F03D9/00
39719277,F03D11/00
39719277,F03D7/00
39719277,F03D7/04
39719400,F03D7/02
39719400,F03D7/04
39739517,F03D7/00
39739517,F03D9/00
39739517,H02P9/00
39760227,F03D1/06
39760880,G05D17/02
39760880,G05D19/02
39767154,F03D9/00
39767154,G05B11/01
39767154,G05D11/00
39767154,G05D17/00
39767154,G05D3/12
39767154,G05D5/00
39767154,G05D9/00
39767154,G06F1/30
39767154,H02P9/04
39768621,F01D5/08
39768621,F03D7/06
39777423,F03D7/00
39777423,F03D9/00
39777488,F03D11/02
39777488,F03D7/02
39777488,F03D7/04
39777488,H02P9/10
39791310,B64C27/72
39791310,F03D11/00
39791310,F15B1/027
39808736,F03D7/04
39808738,F03D11/00
39823810,B64C27/615
39823810,F03D7/00
39852174,H02P9/04
39855033,G06F19/00
39855033,H02P9/00
39855033,H02P9/04
39855033,H02P9/42
39863777,F03D7/04
39865390,F03D7/04
39865622,F03B13/00
39865622,F03D9/00
39865724,F03D7/02
39865724,G01B5/30
39868676,H02P7/298
39868676,H02P9/04
39868708,F03D9/00
39868708,G05D3/12
39868708,H02P9/04
39926152,F03D9/00
39926152,H02P9/00
39926152,H02P9/04
39926153,F03D7/04
39926154,B64C11/00
39926154,B64C27/00
39926154,F01D5/18
39926154,F03D7/00
39926154,F03D9/00
39926154,H02P9/04
39930325,F03D11/02
39930325,H02P9/06
39930552,F03D1/00
39930552,F03D7/02
39941479,F03D11/00
39941479,F03D5/04
39941479,F03D7/00
39943147,H02P9/04
39951447,F03D7/00
39951447,F03D7/02
39968842,F03B9/00
39968842,F03D9/00
39968842,H02P9/02
39986215,F03D11/00
39986215,F03D7/00
40019140,F03D7/02
40019714,F03D7/02
40019714,F15B15/14
40026767,F03D9/00
40026767,H02P9/04
40030902,F03D9/00
40030902,H02P9/04
40031721,F03D7/04
40031721,G06F19/00
40032634,F03D9/00
40032634,H02P9/00
40032691,G01S1/00
40032812,F01D5/14
40032812,F03D11/00
40042769,B64C11/30
40042769,H02P9/04
40042779,F03D11/00
40042779,G06F19/00
40044086,F03D7/04
40044115,F03D7/02
40044115,F03D7/04
40074599,G06F1/26
40074827,F03D7/02
40074827,F03D9/00
40074870,F03D7/00
40074870,F03D9/00
40075573,F03D7/04
40075574,F03D9/00
40075574,H02P9/04
40076132,F03D7/04
40090342,H02P9/00
40130335,B64C11/00
40130335,B64C11/06
40130335,F03D3/06
40130335,F03D9/00
40135722,F03D7/04
40135722,F03D9/00
40135722,H02P9/04
40135725,F03D9/00
40157163,F03B17/06
40175879,F03D9/00
40175879,G05D11/00
40175879,H02P9/04
40175880,G01R19/00
40175880,G01R21/06
40186081,F03D11/00
40220839,F03B7/00
40225367,F03D7/04
40225367,F03D9/00
40225367,F03D9/02
40225367,H02J1/12
40225367,H02J7/34
40225367,H02J7/35
40227621,G01B5/18
40227621,G01W1/02
40227621,G01W1/06
40227621,G06F19/00
40228866,H02P9/04
40260118,F03D7/02
40260118,F03D7/04
40260119,F03D7/00
40260119,H02P9/04
40263300,H02P9/04
40263300,H03M7/28
40265972,F03D7/00
40265972,F03D9/00
40265972,F03D9/02
40265972,G05B19/40
40265972,H02P9/04
40278632,F03D7/04
40278951,G01P3/26
40278951,G01P5/06
40278951,G01W1/00
40278957,G05D1/10
40278957,G06F17/00
40278957,H02P9/00
40278978,F03B13/00
40278978,F03B13/10
40278978,F03B7/00
40278978,F03D7/04
40278978,F03D9/00
40278978,H02P9/04
40283433,F03D7/04
40283433,F04D29/66
40283433,G06F15/00
40289430,H02P9/04
40291167,F03D9/00
40291167,G01C21/00
40291167,G01W1/00
40298698,H02P9/04
40301416,G05D17/02
40304948,F03D11/02
40304948,F03D7/04
40304948,F03D9/00
40304948,F16D33/00
40304948,F16H45/02
40304948,F16H47/08
40316337,F03D7/02
40337402,B64C31/06
40342257,F03D7/02
40342257,H02P7/28
40342257,H02P9/04
40352370,G06F1/28
40352563,H02P9/04
40352651,F03D7/00
40352651,G05D11/00
40352709,F03D9/00
40352709,H02P9/00
40352713,F03D7/04
40352713,F03D9/00
40352713,H02P9/00
40352713,H02P9/04
40352726,G01P3/00
40352726,G01P3/04
40362369,F03D9/00
40362369,F16D3/00
40362369,H01R39/00
40362369,H01R39/18
40362369,H01R39/38
40362369,H01R39/40
40362369,H02K13/00
40362369,H02P9/04
40377457,G01P3/36
40377585,H02P9/04
40379631,B63H3/00
40379631,B64C11/00
40379631,B64C27/00
40379631,F01D7/00
40379631,F03B7/00
40379631,F03D7/00
40380151,G06F15/00
40381496,F03D11/00
40381496,H02J7/00
40381496,H02J9/00
40382350,F03D7/02
40384198,F03D7/02
40387779,F03D9/00
40387899,F03D7/00
40387899,G05B11/01
40387899,H02P9/04
40404268,G01C9/00
40404268,G01M1/00
40404268,G06F15/00
40404268,G06F17/40
40404268,G06F19/00
40406267,F03D7/00
40406267,F03D9/00
40406267,H02P9/04
40417886,F03D11/02
40417886,F03D7/02
40417886,G05D23/19
40418868,F03D7/02
40418868,F03D9/00
40418868,H02P9/04
40419027,F01D7/00
40454662,F03D7/00
40456174,F01D7/00
40456174,F03D7/00
40456345,F03D9/00
40456345,H02P9/00
40456345,H02P9/04
40456581,F03D7/00
40456581,F03D9/00
40456581,H02P9/04
40467344,F03D9/00
40467344,H02P9/04
40469814,B63H3/10
40469814,B64C11/30
40469814,F01D7/00
40469814,F03D1/06
40469814,F03D3/06
40469814,F03D7/02
40469814,F03D9/00
40469814,F04D29/26
40469814,G05D3/12
40469814,G05D5/00
40469814,G05D9/00
40469814,H02P9/04
40469918,F03D9/00
40469918,H02J3/46
40470831,F03D7/04
40470831,F03D9/00
40472015,B63H3/00
40472015,F03D11/00
40472015,F03D7/00
40472015,F03D7/04
40472015,F03D9/00
40472130,F03D9/00
40472130,H02P9/04
40472916,A01K15/02
40472916,A01M1/20
40472916,B63H1/00
40472916,B64C11/00
40472916,G05D3/12
40472916,G08B23/00
40472916,H02P9/00
40490415,F01D5/14
40490415,F03D7/00
40490415,F03D9/00
40493752,G06F15/177
40493752,G06F3/00
40493752,H02P9/04
40503817,B23P17/00
40503817,F03D1/00
40504459,G01B11/16
40504459,G01L1/24
40504459,G06F19/00
40511198,F16C19/02
40511198,F16C29/06
40518527,H02M7/04
40518527,H02P9/00
40518527,H02P9/04
40521549,F03D7/04
40521549,F03D9/00
40521549,H02P9/10
40521549,H02P9/46
40526746,F03D7/04
40535004,F03D7/00
40535004,G06F19/00
40538868,F03D9/00
40538868,H02P9/04
40548247,G01R31/04
40548247,G06F19/00
40548247,G08B21/00
40548680,B63H3/00
40548680,B64C11/00
40548680,B64C27/00
40548680,F01D7/00
40548680,F03B7/00
40548680,F03D7/00
40548680,H02P3/14
40560639,F03D11/00
40560639,F03D7/00
40560639,F03D9/00
40565192,F03D9/00
40565192,H02P9/04
40567848,H02P9/04
40568359,G06F19/00
40568359,H02P9/04
40578113,F03D9/00
40578113,G06F1/32
40578113,H02P9/04
40588239,F03D7/00
40591372,G06F1/26
40591544,F04D15/00
40591902,F03D7/00
40591902,F03D7/04
40591902,G01L3/00
40591965,F03D11/00
40591965,F03D7/04
40591965,G01M15/14
40600122,G06F19/00
40600122,H02P9/04
40601519,F03D7/02
40602351,B63H1/00
40602351,B63H3/00
40602351,B63H5/00
40602351,B63H7/00
40602351,B64C11/00
40602351,F01D7/00
40602351,F03B15/06
40602351,F03D11/00
40602351,F03D7/00
40602351,F04D27/02
40605235,H02P9/04
40607009,H02P9/04
40621357,F01D5/12
40621357,F03D11/00
40623863,F03D1/00
40623863,F03D1/06
40623863,F03D11/00
40626084,F01D5/14
40626084,F01D7/00
40626084,F03D7/04
40626084,H02P9/04
40637575,F03D7/04
40639923,F03D1/06
40639967,F01D7/02
40654494,F03D9/00
40654494,H02P9/04
40666742,F03D7/00
40666742,F03D9/00
40666742,H01M8/00
40666742,H02J9/06
40666742,H02P9/04
40667156,F03D9/00
40667156,G05B11/01
40667156,G05B13/02
40667156,G05B15/00
40667156,G05B15/02
40667156,G05B19/18
40667156,G05D3/12
40667156,G05D5/00
40667156,G05D9/00
40667156,G06F19/00
40667156,H02P9/04
40668462,F03D9/00
40668462,H02P9/04
40679036,F03D7/02
40679036,F03D7/04
40679038,B64C11/00
40679038,B64C27/00
40679038,F01D5/18
40679038,F03D7/02
40679038,F03D9/00
40679038,H02P9/04
40679039,F03D7/02
40689521,H02P9/04
40691046,F03D7/02
40691046,G05D19/02
40691046,G06F1/26
40691046,H02P9/04
40715459,H02P9/04
40718043,F03D1/06
40718543,F03D7/04
40718543,F03D9/00
40718543,H02P9/00
40721861,F03D1/04
40753500,F01D7/00
40753500,F03D7/00
40765599,F03D9/00
40765599,H02P21/00
40765599,H02P21/12
40765599,H02P9/30
40774967,F03B13/14
40775156,F03D11/00
40775156,F03D7/00
40785431,F03D9/00
40785431,H02P9/04
40785550,F03D7/00
40786169,F03D7/04
40786860,F03D7/00
40790464,G01S13/00
40792049,F01D7/00
40792049,F03D9/00
40795198,H02P9/04
40795199,H02P9/00
40795202,F03D9/00
40795202,G05D17/00
40795202,H02P9/04
40795935,G06F19/00
40801603,F03D11/00
40810593,G01P5/02
40824788,H02J3/18
40842335,F03D1/00
40847170,H02P9/04
40847880,G01B11/14
40847880,G01B7/14
40847880,G01B7/30
40847880,H02P9/04
40849988,F01D15/10
40849988,F03D9/00
40850776,B63H3/00
40850776,B64C11/00
40850776,B64C27/00
40850776,F03B7/00
40850776,F03D7/00
40850776,G01L1/00
40850776,G01L1/10
40850776,G01L3/00
40850776,G01L5/00
40874086,F03D9/00
40898448,F03D9/00
40898448,H02P9/02
40900786,G06F1/26
40901314,B64C11/00
40901771,F03D9/00
40902782,F03D7/02
40902782,F03D7/04
40911967,F03D7/04
40911967,F03D9/02
40913342,B64C11/28
40931868,F03D7/00
40936293,H02P9/04
40943858,F03D7/02
40943858,F03D7/04
40943858,G01P13/02
40943858,G05B13/02
40951361,F03D7/02
40953006,F03B3/14
40954403,F03D9/00
40954403,H02P9/04
40954404,H02K53/00
40954404,H02P9/04
40972535,B63H3/00
41008932,H02P9/04
41009143,F03D7/04
41009191,F02B63/04
41009191,F03G7/08
41009191,H02K7/18
41009904,G06F15/00
41010297,F01D5/18
41010297,F03D7/00
41010423,F03D9/00
41010423,H02J3/00
41010423,H02P9/04
41010469,F03B9/00
41010469,F03D11/00
41010469,F03D9/00
41010471,F03D11/00
41010471,G01L3/16
41010471,G01P13/00
41011945,F03D11/00
41011945,F03D7/02
41011978,F03D7/00
41012222,F03D7/00
41012222,F03D9/00
41012222,H02P9/04
41016447,F03D11/02
41016447,F03D7/00
41020847,G05F5/00
41020847,H02P9/04
41051107,H02P9/04
41056401,H02P9/04
41057625,G01P5/26
41057625,G01S17/58
41057625,G01S17/87
41057625,G01S17/88
41057625,G01S17/95
41057625,G01S7/481
41058836,F03D7/02
41058836,F03D9/00
41058836,F03D9/02
41064509,B63H3/00
41064642,F03D11/00
41064784,H02P9/04
41066590,F03D11/00
41066590,F03D7/00
41066610,B63H3/00
41066610,F03D7/02
41066666,F03B3/12
41066666,F03D11/00
41066666,F03D7/00
41066699,F03D7/00
41066699,F03D9/00
41066699,H02P9/04
41066707,G01R21/00
41066707,G06Q10/00
41080785,F03D7/00
41090371,G06F11/00
41090371,G06F15/00
41090374,G01L7/00
41091022,H02P9/04
41091022,H02P9/48
41094440,F03D9/00
41094440,H02P9/04
41112648,F03D9/00
41128279,F03D7/02
41129212,F03D7/00
41129733,F03D7/02
41129733,G05D7/06
41134545,G06G7/57
41136950,F03D7/04
41136950,H02P9/00
41136950,H02P9/04
41152939,H02M7/538
41152939,H02P9/04
41161329,B63H3/00
41161329,B64C11/00
41161329,B64C27/00
41161329,F03B7/00
41161329,F03D7/02
41161365,F03D7/02
41162692,F03D11/00
41162692,G01F25/00
41162714,F03D7/00
41162714,H02P9/04
41198682,H02P9/04
41198808,H02P9/04
41199707,B64C27/615
41199707,F03D3/00
41199707,F03D3/02
41199707,F03D3/04
41199707,F03D9/00
41203501,F03D7/02
41203501,F03D7/04
41203656,F03D9/00
41203656,H02J7/34
41203656,H02P9/04
41227060,F16D65/28
41254219,F03D11/00
41254219,G01M9/00
41254219,G01P15/02
41255193,F03D11/00
41255193,F03D7/00
41255193,F03D9/00
41258356,F01D5/08
41258356,F03D1/06
41258356,F03D11/00
41258359,F03D9/02
41258359,H02P9/00
41258359,H02P9/48
41259787,F03D7/02
41259787,G01H1/00
41259787,G01M13/02
41259854,B23P6/00
41259854,B66F9/02
41259894,F03D11/00
41259894,F03D9/00
41278891,F03D9/00
41279553,G01L3/02
41314521,F03D9/00
41314521,H02P3/22
41314521,H02P9/00
41314521,H02P9/48
41318448,B63H3/00
41319049,F03D11/00
41319049,G01P15/00
41319049,G01P3/00
41319049,G06F15/00
41327653,B63B21/00
41327653,B63B35/44
41327653,F03D11/04
41345997,F03D7/04
41345997,F03D9/00
41353951,F03D1/00
41353951,F03D7/02
41361319,B63H3/00
41361319,F03D7/00
41378886,F03D9/00
41381988,H02P9/04
41396141,F03D1/00
41396141,F03D7/02
41399289,H02P9/04
41401822,F03D7/02
41406959,F03D7/00
41406959,F03D9/00
41412291,F04D29/00
41412306,F03D11/04
41412306,F03D9/00
41412308,F03D11/04
41412308,F03D9/00
41416405,F03D9/00
41416405,H02P9/04
41416439,F03D11/00
41416439,F03D9/00
41426352,F03D7/00
41427901,F03D9/00
41427901,H02P9/04
41429463,H02P9/42
41433796,H02P9/04
41460120,G01P3/36
41466366,G06F1/26
41466366,H02P9/04
41466370,F03D7/00
41466370,G01W1/00
41466370,G01W1/02
41466370,G05D17/00
41467148,F03D7/00
41467148,F03D9/00
41467148,H02P9/02
41478713,F03D7/00
41505005,H02M7/5387
41508080,F03D11/00
41508955,H02P9/04
41509748,F03D11/00
41509748,F03D7/00
41509748,F03D7/04
41511245,F03D7/00
41511245,F03D9/00
41511245,H02K7/102
41513061,F03D11/00
41513061,F03D7/04
41529649,B63H1/38
41529649,B64B1/00
41529649,B64C31/06
41529649,B65H75/00
41529649,F01D15/00
41529649,F01D15/12
41529649,F01D25/28
41529649,F03B13/00
41529649,F03B15/06
41529649,F03B17/06
41529649,F03B7/00
41529649,F03D11/04
41529649,F03D7/00
41529649,F03D9/00
41529649,F04D29/60
41529649,F16H35/00
41529649,H02P9/04
41559457,F03D7/00
41559702,F03D7/00
41559702,H02J3/38
41559702,H02P9/00
41566520,F04D29/36
41566767,G06F1/26
41567276,F03D7/02
41567276,H02P3/22
41572383,F03D11/00
41572383,F03D7/04
41572593,F03D7/00
41572690,F04D29/36
41600742,H02P9/04
41608546,F04D29/38
41610985,F03D7/00
41610985,F03D9/00
41631244,G08B13/14
41631244,G08B21/00
41631967,B63H9/00
41631967,F03D5/00
41652203,F03D7/00
41652203,F03D9/00
41652204,B64C31/06
41652204,F03D7/00
41652204,F03D9/00
41653113,F03D7/06
41664021,F03D11/00
41664021,F16F7/10
41664598,F03D1/00
41664598,F03D11/00
41667189,F03D7/00
41667475,E04B1/98
41667475,F03D11/04
41667475,F03D7/02
41667475,F16F15/02
41668274,F01D5/14
41668274,F03D7/00
41668280,F01D7/00
41668280,F03D7/02
41668785,H02P9/04
41669380,H02P9/04
41680515,F16D55/2255
41682710,F03D7/00
41682710,F03D9/00
41682710,H02J3/38
41692918,F03D7/02
41692918,F15B20/00
41693018,F03D7/00
41693018,F15B13/04
41693018,F15B21/04
41707341,F03D11/04
41707341,F03D7/02
41707598,F03B13/14
41707598,F03B3/14
41707598,F03D11/04
41707598,F03D7/02
41707599,F03D9/00
41716934,F03D7/02
41716942,F03D7/04
41717370,F03D7/02
41718846,H02P9/04
41721228,H02P9/04
41722748,F03D11/00
41797542,F03D11/04
41797542,F03D7/02
41799468,B63H3/00
41799468,B64C11/00
41799468,B64C27/00
41799468,F03D7/00
41800810,F03D7/02
41818344,H02J3/38
41818344,H02J3/46
41818344,H02P9/00
41819496,F03D9/00
41819496,G05D17/02
41819496,G06F19/00
41819496,H02P9/00
41819496,H02P9/04
42026320,F03D7/02
42026320,F03D7/04
42028093,F03D7/02
42028093,F03D7/04
42032723,F03D7/02
42032723,F03D7/04
42034524,F03D7/00
42034524,F03D7/04
42034524,G06F19/00
42034524,H02P9/04
42034544,F03D11/00
42039710,F03D7/02
42039710,F03D7/04
42040440,H02P9/04
42056602,G05D11/00
42056602,G05D5/00
42056602,G05D9/00
42056602,G06F19/00
42056602,H02P9/04
42059741,F03D9/00
42059741,G01L1/00
42059741,G06F19/00
42059741,H02P9/04
42060164,F03D11/00
42060164,F03D7/02
42060164,F03D7/04
42072828,F03D7/00
42072828,F03D9/00
42072828,H02P9/04
42072911,B23P11/00
42072911,F16H48/06
42073164,F03D11/00
42073700,H02P9/04
42073949,F03D7/04
42077869,F03D7/00
42083878,F03D11/00
42083878,F03D11/02
42083878,F03D9/00
42083879,F03D11/02
42083880,F03D11/02
42084581,G05D17/02
42084581,H02P9/04
42087881,F03D7/00
42087881,F03D7/02
42101840,F03D1/06
42101840,F03D7/02
42102376,G06F1/28
42103018,B63H3/00
42103018,F03D11/00
42103018,F03D7/00
42105645,F03D11/02
42106341,F03D9/00
42106341,H02P9/00
42106341,H02P9/04
42113917,F03D1/04
42113917,F03D9/00
42119742,G06F15/00
42119742,H02P9/04
42119755,F04D29/36
42120010,B23P21/00
42120010,F01D25/00
42120010,F01D25/16
42120010,F03D11/04
42124481,G01R21/00
42124481,G06F19/00
42124667,G01L1/12
42124667,G01L3/10
42128630,H02P9/04
42130469,B63H7/00
42130469,F03B15/06
42130469,F03D9/00
42138767,F03D7/04
42138767,F16D55/228
42138767,F16D65/18
42145313,F03D11/00
42145313,F03D7/02
42165358,F03D11/02
42165358,F03D7/00
42165358,F03D7/02
42165358,F03D9/00
42166017,H02J3/00
42166017,H02M5/02
42167470,F03D7/02
42173280,C23C14/06
42173280,F03D7/02
42173280,F16H55/06
42174574,F03D7/00
42174574,F03D9/00
42174587,F03D9/00
42174587,G01L1/00
42174587,G05D3/12
42174587,G06F1/26
42184110,H02P9/04
42184116,H02P29/02
42184116,H02P9/04
42194246,F03D3/00
42194246,F03D7/04
42195532,B23P11/00
42195532,F03D11/00
42195532,F03D9/00
42195532,H02K5/04
42195532,H02P9/04
42196452,F03D3/06
42196452,F03D9/00
42196455,F03D7/00
42197712,F03D7/00
42198572,F03D7/04
42220847,H02P9/04
42222078,F03D11/00
42222078,F03D7/02
42222080,B63H3/00
42222080,F03D9/00
42222080,H02P9/04
42222081,F03D7/02
42222081,F03D7/04
42222082,F03D11/00
42222082,F03D7/04
42222084,F03D11/00
42222084,F03D7/02
42222084,F03D9/02
42222085,F03D7/04
42222086,F03D7/02
42222088,F03D7/04
42222088,G01B5/24
42222088,G01B7/30
42222089,F03D7/02
42222089,F03D9/00
42222089,H02K17/42
42222089,H02K5/22
42222089,H02K7/18
42222090,F03D7/02
42222090,F03D7/04
42222091,F03D7/02
42222092,F03D7/02
42222093,H02P9/10
42222101,F03D7/04
42222101,F03D9/00
42222101,H02P9/04
42222958,F03D7/02
42222958,F03D7/04
42222959,F03D11/00
42222959,F03D7/04
42222960,F03D7/02
42222962,H02P7/298
42222966,F03D11/00
42222966,F03D7/04
42222969,F03D7/02
42222970,F03D7/04
42222973,F03D1/06
42222973,F03D7/02
42222974,F03D7/02
42223547,F03D7/04
42223598,F03D7/04
42223598,F03D9/00
42223602,G05D17/00
42223602,G06F15/00
42223610,G06G7/48
42223651,F03D7/04
42223651,G06Q10/00
42224495,H02P9/04
42224503,F03D7/00
42224503,F03D9/00
42224566,F03D11/00
42224597,B64C27/615
42224597,B64C9/00
42224597,F01D25/00
42225458,F03D1/00
42225458,F03D11/00
42226163,F03D7/04
42230231,F03D7/04
42230232,F03D7/02
42230233,F03D7/00
42230233,F03D9/00
42231268,F03D7/02
42231270,F03D7/04
42231271,F03D7/02
42231271,F03D7/04
42231272,F03D7/02
42231273,F03D7/04
42231274,F03D1/06
42231274,F03D11/00
42231274,F03D7/04
42231275,F03D1/06
42231278,F03D1/06
42231278,F03D5/00
42231278,F03D7/02
42231279,F03D11/00
42231279,F03D7/02
42234709,F03D7/02
42237420,F03D7/00
42238705,H02P9/00
42243684,F03D11/02
42244507,B63H3/10
42244507,F03B15/06
42244700,F03D11/00
42244700,F03D7/00
42244700,F03D7/02
42244700,G01L3/10
42260319,G06F1/28
42260376,F01D5/00
42260376,F03D9/00
42263363,F03D11/04
42263364,B64C11/06
42263364,F03D11/00
42263364,F03D9/00
42266386,F01D7/00
42266386,F03D11/00
42266386,F03D7/00
42266386,F03D7/04
42269147,F03D7/02
42282582,F03D7/02
42282582,F03D7/04
42286472,B63H1/28
42286472,B64C11/06
42286657,F03D1/06
42286657,F03D11/00
42289039,F03D7/04
42289039,F03D7/06
42289680,F03D11/00
42289680,F03D11/02
42289680,F03D7/02
42309639,H02P9/04
42309913,H02P9/04
42309940,H02P9/04
42313308,F03D1/06
42313308,F03D7/02
42315657,G05F1/70
42316511,G06F1/28
42316549,H02P9/04
42316653,F03D7/00
42320324,H02P9/10
42333353,F03D7/02
42333436,F03D7/02
42333436,F16D55/226
42333436,F16D65/12
42335014,F03D9/00
42335014,H02J3/18
42336320,F03B13/12
42336320,F03B13/22
42336320,F03D11/00
42336320,F03D11/02
42338723,F01D15/12
42338723,F03D11/00
42338723,F16D55/02
42338723,F16H57/08
42338730,F03B3/12
42341746,F03D7/00
42341746,F03D7/04
42355728,F03D7/04
42356263,F03D7/02
42396102,H02P9/04
42461443,F03D11/00
42542693,F03D9/00
42542714,F03D11/00
42542714,F03D7/00
42542992,F03D7/02
42542992,G01L3/14
42551688,G06F19/00
42551688,H02P9/04
42553318,F01D25/04
42553318,F01D7/00
42555744,F03D1/06
42560068,F03D7/04
42560068,F03D9/00
42560068,H02P9/04
42560069,F03D7/04
42562035,F03D11/00
42562035,F03D3/02
42562035,F03D7/06
42562380,B65G47/90
42562380,F03D1/04
42562384,B23P6/00
42562384,B63H1/28
42562976,H02P9/02
42613887,B60T13/138
42613887,B60T13/14
42613887,B60T13/16
42613887,B60T13/18
42613887,B60T13/22
42613887,F03D11/00
42614281,F03D9/00
42633442,H02P9/04
42633548,H02P9/04
42634124,F03D1/06
42634124,F03D11/00
42634124,F03D7/02
42647364,F03D9/02
42663870,G05B9/02
42663923,F03D9/00
42663923,H02J3/04
42663923,H02P9/10
42665802,F03D9/00
42668460,F03D7/02
42668460,F03D7/04
42668930,F03D7/04
42668930,F03D9/00
42670315,F03D7/02
42670315,H02K3/28
42670315,H02K7/18
42670647,H04B10/12
42674929,F03D7/02
42678403,F03B3/14
42710056,F03D7/02
42728864,B21K3/04
42730072,F03D9/00
42732855,F03D9/00
42732855,G05D17/02
42732855,H02J3/38
42732855,H02P9/04
42734802,F03D7/00
42741564,F03D9/02
42779530,H02P9/04
42781597,F03D9/00
42781597,G05D9/04
42783193,H02P9/04
42811314,F03D9/00
42811314,G05B13/02
42811314,G05D3/12
42811314,G05D5/00
42811314,G05D9/00
42811314,G06F19/00
42811314,H02P9/04
42826314,F03D7/04
42829506,F03D7/02
42830750,H02P9/04
42831082,F03D7/04
42831082,H01F38/14
42831082,H02P9/04
42931934,F03D11/00
42931934,F03D7/00
42931934,G01L1/22
42932245,H02P9/04
42934525,F03D1/06
42935828,F03D7/04
42935828,H02P9/04
42937421,F03D11/00
42937421,F03D7/04
42937421,G01L5/00
42941953,F03D11/04
42970194,G01R31/34
42970194,H01F27/00
42970194,H01F27/04
42979413,F03D7/02
42979413,F16D55/228
42979413,F16D55/32
42979413,F16D65/14
42980418,F03B9/00
42980418,F03D1/02
42980418,F03D11/00
42980418,F03D9/00
42980419,F03D9/00
42981099,B63H1/06
42981099,F01D5/14
42981100,F03D1/06
42982246,F03D7/04
42982246,H02P9/04
42984058,F03D7/04
42987695,B63H3/06
42987695,B63H3/10
42987695,F03D7/00
42987695,G05B15/00
42990126,H02P9/04
42992829,G06F1/26
42993679,F03D7/00
42993679,G01R31/12
42993679,G01R31/36
43003465,F03D7/02
43003465,F15B11/00
43010048,F03D11/00
43010048,F03D7/06
43010048,F03D9/00
43027651,B63H3/00
43027651,B64C11/00
43027651,B64C27/00
43027651,F03B7/00
43027651,F03D9/00
43027651,H02P9/04
43028578,H02P9/04
43032611,H02P9/04
43033465,F03D7/02
43085385,H02P9/04
43086942,G06F1/26
43088071,F03D11/00
43088071,F03D7/02
43123516,G05D5/00
43123516,H02P9/04
43124083,F03D7/04
43124655,F04D29/36
43125359,G06F1/04
43125359,G06F1/12
43125359,G06F15/16
43125359,G06F15/177
43125771,G06F19/00
43126566,B23P23/04
43126566,B23P6/00
43217718,H02P9/04
43217949,H02P9/04
43220439,F03D7/04
43220439,F03D9/00
43221132,G06F1/12
43221132,G06F1/26
43221132,G06F15/16
43222813,H02P9/04
43243047,H02P9/04
43262612,G06F1/26
43262612,G06F1/28
43262612,H02P9/04
43297394,G06F1/26
43298229,F03D7/04
43302378,F03D7/04
43302908,G06F17/18
43302976,F03D7/02
43302976,F04B49/035
43302976,F04B49/20
43302976,F16D31/02
43302976,F16K31/02
43304664,H02P9/04
43305784,F03D7/04
43305785,H02P9/04
43353624,F03D9/00
43353624,H01L31/042
43353624,H02P9/00
43355993,F03D9/00
43356786,B64C31/06
43356786,F03D7/00
43356786,F03D9/00
43357025,F03D7/00
43357025,H02P9/04
43379853,F03D7/00
43379853,F03D9/00
43379853,H02P11/00
43379853,H02P9/04
43382370,F03D1/06
43382370,F03D11/00
43382370,F03D7/02
43382750,F03D11/00
43382750,F03D7/02
43385733,F03D11/00
43385733,F03D7/04
43386192,F03D7/04
43386192,H02P9/04
43386853,F03D1/00
43410512,F03D11/02
43411402,F03D7/06
43411505,F03D1/06
43411505,F03D7/02
43411758,F01D5/22
43411758,F01D5/24
43411758,F01D7/00
43411758,F03D9/00
43412211,G05D17/00
43412211,H02P9/04
43416524,F03D11/00
43416524,F03D7/02
43426895,F03D11/04
43426895,F03D9/00
43428648,F03D9/00
43428648,G01J4/00
43428648,G01N21/55
43446815,H02P9/04
43448163,H02P9/04
43448268,H02P9/04
43450105,F03D9/00
43450105,H02P9/00
43495159,F03D9/00
43495159,H02K7/116
43495159,H02P9/04
43495843,F03D7/02
43495843,F16D65/18
43496601,F03D9/00
43496816,G08B21/00
43497461,F03D11/00
43497461,G06F19/00
43499617,F16H3/00
43499617,F16H3/44
43501157,B32B7/08
43501157,F03B3/12
43501157,F03D1/06
43501157,F04D29/38
43503075,F01D5/30
43525114,H02P9/04
43530378,F03D9/00
43530378,H02H7/06
43530378,H02P11/00
43530378,H02P9/00
43530378,H02P9/04
43534248,F03D7/04
43534248,F03D9/00
43534248,H02P9/00
43534956,F03D1/00
43534956,F03D11/00
43534957,F03D7/06
43535857,F03D1/00
43535857,F03D11/00
43586700,H02J3/28
43588695,F03D7/00
43588696,F03D1/02
43588696,F03D3/02
43588696,F03D7/00
43597049,E04H12/18
43598138,F03D9/00
43598138,G01S1/00
43598138,H02P9/04
43603043,F03D11/00
43605994,G06F1/26
43607257,F03D11/00
43607257,G06F1/30
43607257,G06G7/57
43607257,G06G7/63
43607257,G06G7/64
43608613,F03D11/00
43608613,F03D7/02
43608629,G06F1/28
43608629,G06F19/00
43608629,H02P9/04
43608895,H02K7/20
43608895,H02P9/48
43615292,B23P15/04
43615292,B64C9/00
43615292,F03D1/06
43615292,F03D7/00
43618115,B23P15/04
43618115,F03D11/00
43618115,F03D7/04
43618115,H02P9/04
43627428,G06F17/18
43627775,F03D11/00
43627775,F03D7/04
43628470,F03D7/02
43628472,F03D1/06
43628472,G01R31/28
43647916,B23P11/00
43647916,F03D11/04
43647916,F03D7/02
43708926,F03D7/04
43734403,F03D1/06
43734403,F03D7/04
43734564,F03D11/02
43736218,H02P9/04
43755971,H02P9/04
43755974,F03D9/02
43756766,F03D3/04
43756766,F03D7/06
43756772,F03D1/00
43758659,H02P9/04
43759729,F03D7/02
43759729,H02J3/38
43778525,F03B3/12
43779451,E02D5/74
43779451,F03D7/04
43779451,F03D9/00
43795199,F03D7/04
43796282,F03D7/04
43797857,F03D7/00
43797857,F03D9/00
43827370,F03D11/00
43836825,G06F19/00
43836825,H02P9/04
43843077,H02P9/04
43853267,F03D7/02
43854229,F03D9/00
43854229,H02P9/04
43857205,F03D7/04
43876520,F03D11/00
43876520,F03D7/00
43876520,G01L1/22
43880324,H02P9/04
43898588,F03D7/00
43902831,G01W1/00
43902831,G01W1/02
43902831,G06F19/00
43927675,F03D7/00
43928279,F03D9/00
43928279,H02P9/04
43969832,H02K15/00
43969832,H02K7/08
43969832,H02P9/04
43991677,F03D1/00
43991677,F03D11/00
43991677,F16C21/00
43991677,F16C29/02
43991677,F16C29/06
43992121,G01B3/44
43992121,G01L25/00
43992121,G06F11/00
43992121,G06F17/18
43992121,G06F19/00
43992133,F03D7/04
43992142,F03D11/00
44011948,G01W1/00
44011948,G01W1/16
44011948,G06F17/40
44011948,G06F19/00
44063760,F03D11/00
44065541,F01D5/18
44065883,F03D7/02
44065883,F15B1/00
44066979,F03D1/06
44066979,F04B35/04
44081267,G01H1/00
44081267,G06F19/00
44081267,H02P9/04
44081269,F03D7/00
44082210,F01D25/00
44117631,B23P6/00
44117631,F03B15/06
44117631,F03D11/00
44117631,F16D65/02
44140840,F04D29/00
44141427,F16H55/18
44142068,B63H1/00
44142068,B64C11/00
44142068,F01D5/00
44142068,F03D9/00
44142068,H02P9/04
44142069,F01D15/10
44142069,F01D7/00
44142069,F03D9/00
44142069,H02P9/04
44142071,H02P9/04
44142073,H02P9/04
44142074,F03D9/00
44142074,G05D11/00
44142074,G05D17/00
44142074,G05D3/12
44142074,G05D5/00
44142074,G05D9/00
44142074,H02P9/04
44142075,F03D5/04
44142075,F03D7/00
44142075,H01F38/14
44142075,H02K33/00
44142075,H05G1/10
44142076,F03D7/04
44142076,F03D9/00
44142076,H02P9/04
44142077,F03D9/00
44142077,H02P9/04
44142081,F03D11/00
44142081,F03D9/00
44142084,F03D7/04
44142084,F03D9/00
44143104,F01D7/00
44143104,F03D7/02
44143104,F03D7/04
44143104,G01N3/56
44143113,B23P6/00
44143113,F04D29/04
44143115,F03D7/04
44143115,H02P9/48
44143116,F03D11/00
44143116,F03D7/04
44143117,F03D11/00
44143117,F03D7/04
44143120,F03D11/02
44143120,F03D7/00
44143120,F03D7/04
44143122,F03D7/04
44143124,F04D27/00
44143124,F04D29/18
44143128,F01D5/14
44143128,F03D11/00
44143128,F03D7/04
44143131,F03D11/00
44143144,B64C27/467
44143144,F01D5/18
44143814,G06F1/26
44143815,B63H1/00
44143815,B63H3/00
44143815,B64C11/00
44143815,B64C27/00
44143815,F01D25/00
44143815,F01D5/00
44143815,F01D5/18
44143815,F03D9/00
44143815,G01B7/14
44143815,G05B9/02
44143815,G05D3/12
44143815,G05D5/00
44143815,H02P9/04
44151371,F03D7/02
44151371,F03D9/00
44167744,F03D7/04
44187794,F04D27/00
44187794,H04W4/00
44196243,F03D1/06
44196243,F03D11/00
44196243,F03D7/02
44224261,F03D9/00
44224261,H02P9/00
44224261,H02P9/04
44257962,B60T13/74
44257962,B64C11/00
44257962,B64C27/00
44257962,F03D9/00
44257962,F16D65/12
44257962,H02P9/04
44303565,H02P9/04
44304866,B60K16/00
44304866,B63H9/04
44304866,B64C31/06
44304866,B64F1/00
44304866,B65H54/80
44304866,F03D9/00
44307305,F03D7/04
44318287,H02P9/04
44340938,H02P9/04
44340938,H02P9/48
44341841,F03D9/00
44353095,F01D7/00
44353095,F03D7/02
44353095,F03D9/00
44353095,H02P9/04
44355105,F03D7/04
44366926,B21D53/78
44366926,F03D11/00
44366926,F03D7/00
44366927,F03D7/04
44366927,F03D9/00
44366930,H02P9/08
44366931,F03D11/00
44366931,F03D7/04
44475866,F03D9/00
44475866,H02P9/04
44475867,F03D7/00
44475867,F03D9/00
44475868,F16C33/66
44475868,H02P9/04
44476629,B64C11/06
44476629,F04B49/00
44482612,F03D11/00
44482612,H02P9/04
44505361,F03D11/00
44505361,F03D7/00
44505361,F03D7/04
44505366,F03D11/00
44505366,F03D7/04
44520504,F03D9/00
44520504,H02P9/04
44522480,F03D7/04
44522480,H02P9/04
44530664,F03D7/06
44530664,F03D9/00
44544081,F03D11/00
44544081,F03D7/00
44544081,F03D7/02
44560162,F04D29/00
44560162,F04D29/66
44560164,F03D7/00
44597066,F02D7/00
44597066,F03D1/00
44597066,F03D11/02
44597066,F03D7/04
44597066,F03D9/00
44624835,F03D11/00
44624835,F03D7/04
44624981,F03D9/00
44647405,F01D7/02
44647405,F03D7/04
44652096,F04D29/00
44652096,G01W1/02
44708737,H02P9/04
44777598,H02P9/04
44798101,F03D9/00
44798101,H02P9/10
44858388,F01D7/00
44858388,F03D7/02
45003479,F03D11/00
45003479,F03D7/00
45003479,F03D7/04
45022290,F03D11/00
45022290,F03D7/00
46301215,F03D1/00
46301215,F03D7/00
46302938,F03D7/00
46302938,F03D9/02
46328717,C02F1/46
46328717,H02P9/00
46328751,B60K16/00
46328751,F03B17/02
46329040,F03D7/00
46329040,F03D7/02
