docdb_family_id,doc_std_name_id_replenished
40900786,349425
37865899,3947909
41667475,357418
41134545,357629
44143120,3471577
37402106,3477113
8092632,4748379
43086942,6150194
44011948,6153419
30010680,6270430
41378886,7265240
40278957,7278559
38522930,7275015
7900155,7312920
41058836,7413784
40911967,7413784
42668930,9219903
37114539,9246368
40377585,9246368
42184116,9244488
35840322,9245250
41066666,10942536
40785550,10948566
41319049,12773357
33514968,14661004
33515012,14661004
40623863,16520183
38807850,16516176
41259894,16613146
41319049,18069072
42222974,18092387
19910952,18107284
35746213,18214045
43853267,18222133
42542992,18225098
42980418,989264
27393500,1013088
35452679,1013088
41567276,1047451
34530405,1064178
39597613,1135067
39930325,2362525
42060164,2403036
42987695,2405477
43353624,2428668
41427901,2457028
43588695,4098415
43588696,4098415
33539078,4180276
38895466,4209661
34679397,4210051
38519700,4210051
27093569,2989484
27419396,5298410
25016102,5298410
40801603,5449834
35520062,5449834
38522930,6918909
42222090,6951186
41707599,6947684
44257962,6949070
34909985,8728952
40490415,8765834
38805602,8771972
39590878,8771972
26055277,8815294
40810593,8818323
40600122,8824624
27393500,99094447
43992133,10007806
43778525,10007806
34753150,11671848
38814477,11711991
38983706,11711991
42165358,11774482
38895466,13312495
40824788,14725776
40560639,14739479
41467148,14833317
41161329,14833317
41010469,14833317
40265972,14833317
40225367,14833317
34962866,16122201
38459040,17737195
40795198,17737195
42106341,17737195
34908870,17737195
42309913,17737195
42316549,17737195
40406267,17737195
40795199,17737195
41433796,17737195
42633548,17737195
44143128,17814760
41668280,17814760
44143131,17814760
38366946,17877055
42106341,15337148
40795198,15337148
38459040,15337148
36916479,15337148
40406267,15337148
41433796,15337148
42633548,15337148
40795199,15337148
44082210,709938
25522816,99810688
44304866,2088313
41227060,2146708
40298698,2208749
40298698,2221911
46302938,3916373
34178077,4002742
42668460,4013838
39823810,5070380
39081588,5070380
37683696,5070380
42231268,5090270
27093569,5200257
7696033,5200257
21780855,5200257
39263105,6711969
40765599,6743347
34912417,6768266
43497461,6768266
43496816,6768266
41529649,6768266
40607009,8214713
44647405,8275132
42039710,8291593
39364044,8363845
39356556,8363845
40074827,8437228
32321662,8438842
44777598,9719884
34103166,9805636
36869906,9863108
38255293,9863107
38666822,9863107
40936293,9886909
43969832,11425996
33562780,9335351
35721676,16183194
42562380,11479765
41707341,11592463
41631967,12906126
43385733,13046620
37074201,13046621
44143131,13046621
37734774,14858269
35853942,14862539
44647405,14884906
41800810,14902794
41800810,14902817
39311311,14958476
36928409,16259083
34981372,16259083
41378886,16147366
39926152,16300345
39808736,16300345
42316511,16409364
33514968,16423884
44366926,17880278
41716942,17919576
34353430,17936389
38517024,18011047
40417886,18029366
42244507,18035119
43607257,1193747
42282582,1278822
44142075,1373131
38813859,1389387
43992133,2638452
43778525,2638452
39092242,2773285
39645840,4383127
42730072,5916902
39359107,7124125
40417886,7247983
20417849,99195179
42039710,8909095
33514968,8917328
42225458,8937305
42073164,8937305
39428000,10165714
39591988,10165714
36869901,10165714
43797857,10228148
43880324,10228149
41279553,10274132
29595354,10300484
44143117,11794962
41799468,11810956
44353095,11857959
42223651,11882356
40639923,11906629
42224597,11906629
41353951,11906629
42184110,11906629
43446815,11906629
42119742,11906629
33427410,13379286
41797542,13422195
9953844,13551850
42222959,13581613
43756766,13584345
38667500,16884741
40567848,17568392
42223651,17607859
42222974,17652157
38170014,17663386
39311311,17663386
40467344,17663386
7710172,17663386
39986215,17663386
38566895,17663386
40605235,17663386
38761231,19227685
42980419,989264
42981100,989264
42670647,2989484
43243047,2989484
32092827,99736707
40535004,5812879
42040440,5822591
42663870,8579896
42993679,8579896
43843077,8579896
42223602,11127033
42222092,11131991
43217949,11136945
34676769,5113955
34753150,98989979
42941953,11159900
40074827,12290678
41416439,12290678
41412291,12290678
41412306,12290678
42263363,12290678
42263364,12290678
41412308,12290678
42935828,12290678
44366931,12290678
44355105,12290678
43355993,12290678
44318287,12290678
40900786,12293535
37668336,12326390
41057625,12330577
27805233,12334868
38995149,12414348
43758659,12441396
43222813,12441396
39401353,14130640
43416524,14139271
41199707,15792374
39708012,15806328
41664598,15840175
38813859,17172723
18913892,17215226
43969832,17296162
41566520,17305704
40795198,18675661
43297394,18675661
40795199,18675661
42633548,18675661
41668785,18675661
41406959,18740242
42225458,18775318
34139873,18775318
37481438,18822450
37481288,18822803
39575569,18822450
40810593,18822450
34650813,18822450
33550055,18822450
42286472,18822450
34937742,18822450
40032634,18894430
34103166,1479677
34192527,1479677
39865724,1486114
8159753,1615443
41460120,4901259
41401822,4901259
39591988,4901259
43627775,4916476
44366931,4923063
41610985,5025865
32962699,5048082
40786169,6503110
40032812,6667850
42309639,6667857
42224503,8002130
38515805,8138284
40175879,8138284
38740123,8138284
40352713,8138284
42174587,8138284
38740163,8138284
40175880,8138284
39739517,8138284
38752541,8138284
41652204,9553513
40902782,9563910
43927675,9634259
42222078,11248781
21907529,3335655
27093569,6738304
37873336,11304696
34063455,11304696
39681656,11335718
43927675,11369113
41381988,11369113
43535857,11404160
43534248,11404160
42222085,11421931
43605994,4925574
42056602,4925574
39263105,12567335
40943858,14307421
36933610,16066875
38846951,15887210
39020544,15887210
39492648,15887210
43382370,15896841
42663870,15896841
44066979,15896841
42779530,15896841
43032611,15896841
43304664,15896841
42562976,15896841
43028578,15896841
43734403,15896841
41566767,15937189
39282460,15975788
8097738,16042952
43386853,16047156
41008932,17412652
41718846,632301
40900786,632301
41064784,2143058
40090342,2143055
42222093,2145339
34521913,2145340
40456345,2145339
41010423,2145339
41559702,2145339
40472130,2145340
40535004,2145340
36118067,2145340
38286555,2145340
36764595,2145340
36118097,2145340
40792049,2220351
43607257,2230559
27675811,2239467
46302938,3916373
42730072,3920137
39401353,3937024
42987695,3953587
38197650,3953587
41258359,3953587
36407933,3966677
37441907,3966677
37491216,3996461
41134545,5099380
39590397,5105269
38895466,5107531
38517025,5120134
40518527,5120134
42223651,5200257
42222089,5200257
42222088,5200257
42222960,5200257
42231274,5200257
42222084,5200257
42231270,5200257
42231273,5200257
42231275,5200257
42222081,5200257
42222091,5200257
42223598,5200257
42231272,5200257
42222082,5200257
42222962,5200257
42222973,5200257
42230231,5200257
42222966,5200257
42222090,5200257
42222086,5200257
42223547,5200257
42222958,5200257
42222078,5200257
42222969,5200257
42222093,5200257
42231271,5200257
42222970,5200257
42231279,5200257
41064509,6711203
42984058,6711203
41064642,6711203
42244507,6711203
38134496,6738306
38283286,6738306
43124655,8236800
32708399,8283468
41682710,8349191
35514093,9805636
35809647,9805636
29715422,9865318
38962528,11051225
39156541,10280566
44143113,11545664
39668209,11545664
43356786,12942728
39943147,13014549
41051107,13070972
36933610,14854400
40874086,14854400
34936138,14858041
44142077,14860560
44143116,14869411
45022290,17880870
7682117,17970894
40639923,18041781
41572690,18041781
40637575,18041781
40792049,18041781
35727139,359348
39530965,1902404
42282582,1904247
42145313,1916973
32735561,1916973
43843077,1919499
26055277,3550483
41797542,3582599
38625329,4578309
43411758,4583548
9953844,6185902
34399758,6270431
43003465,6270431
27532070,6277101
39863777,6282905
37491216,7372290
41091022,11590709
41797542,9152810
29719109,9215564
40032634,9243579
33514968,10879427
33515012,10879427
42309940,10885950
42106341,10885950
38459040,10885950
42309913,10885950
40406267,10885950
42633548,10885950
41433796,10885950
41668785,10885950
40795199,10885950
42935828,10885950
38517025,10949251
40518527,10949251
41508080,10982463
38519700,10985235
44143128,11005806
44143131,11005806
44858388,14612924
37865899,14618642
37865899,14618642
40588239,14685819
33186211,16478062
43969832,16522018
43992121,16581720
8160449,17287885
41800810,18085470
42710056,18088348
34063455,18137942
41511245,18210005
38657257,18214045
35799306,18214045
38519700,18214045
40591372,18224542
39204124,1002106
42222093,1007094
38779043,1077705
43902831,1111124
43992121,1127378
39536770,4094862
42665802,4165374
43496601,4165374
33417860,5320841
26918424,6884181
39668209,6979527
37482521,7099700
40774967,7099898
40220839,8826890
38198255,9977110
37622008,9982832
42184110,10007007
27393500,13218492
44143115,14698807
44307305,14721223
7682117,14745618
39262998,14745618
38261594,14745618
26009718,14777958
42194246,14820396
42230232,14833317
38787027,16070294
36928256,16070294
38001770,16070294
39717819,16070294
37669295,16070294
36147049,16070294
39543051,16233136
44652096,16233136
40030902,17725173
40718043,17726712
43243047,17728911
29583721,17759338
41198808,1217766
42222089,1239312
7692180,1311042
35079345,1332059
34935212,1380158
43027651,2663422
44187794,2729977
40278957,2737904
34959687,4275839
39401353,4276102
39106077,4455807
34753150,6008872
42032723,6031367
39667111,7163673
33562574,7197076
36933610,7201420
43992142,7236077
38198827,7256543
37011542,8922180
44858388,8941688
44196243,8911590
42231271,9056829
39156248,9056831
42167470,10165714
44065541,10177079
42826314,10177079
27419396,10187959
44063760,10190882
44560162,10194214
35136612,10344629
42225458,11792211
42073164,11792211
34139873,11792211
43608895,11794940
42223598,11828566
33514968,11853537
42059741,11863868
44143144,11896265
44063760,11896265
33427410,13379291
40289430,13379610
38222676,13404368
41198808,13498549
25275303,17326180
32042844,17326180
43262612,17531944
34957948,17531944
40387899,17531944
40954403,17531944
39708012,17531944
39536770,17531944
40075573,17531944
39027518,17531944
40951361,17535399
41722748,17562100
8094193,17576902
8096781,4100029
34970368,17647515
33039099,17649795
43618115,17697498
41818344,17697498
40044086,17697498
42034524,17697498
40535004,17697498
45003479,838942
44303565,838942
44353095,838942
43386192,838942
43603043,838942
43411402,857632
42130469,912749
40337402,5669945
44560164,5852176
41198808,5880112
38807850,5738978
39667111,8451943
40548680,8512472
38776817,8512472
41203656,8563149
44143814,11131991
44143124,11131991
41011945,11131991
38935921,12303492
33417860,14088417
40019714,14181520
36729332,14223006
40578113,14243807
43027651,14243807
40623863,15759078
39926152,15770909
39338983,15846122
42174574,17141869
7647085,17305704
42663870,17306706
43843077,17306706
44482612,18690184
43353624,18881040
43827370,18889181
44597066,1446310
35458772,1545557
44142075,1569018
40560639,1587984
37441907,1610387
38923515,3741317
32092555,3764848
38515503,4907559
44355105,4921856
42984058,6526053
35787015,6658478
44151371,6664419
44257962,6664419
43503075,7962445
42223547,8005668
34753150,99271783
38761231,8042233
37571844,8160224
32708399,18669697
38923515,8167201
40278951,9554737
39674533,9599577
42979413,11282412
44560164,11401069
32829013,11403932
44475868,11404160
40911967,12516085
41057625,12542131
43586700,12542464
42315657,14297449
33514968,8742283
33515012,8742283
41716942,15887209
41716934,15887209
34854339,15896817
35432892,15952793
39311311,16023586
40467344,16023586
38566895,16023586
32519827,16023586
40548247,16028390
38654935,16042952
38335742,16042952
40227621,16042952
41426352,16042952
42197712,16042952
38577937,16042952
42040440,16042952
38998346,16042952
40850776,16042952
38003906,17436236
25050770,17477822
43222813,19073545
43827370,19095501
43450105,405400
42341746,407909
41112648,470681
38198827,477773
41567276,485796
8498094,554695
42315657,349425
40042769,359348
40263300,359348
37637522,359348
38566895,359348
40493752,359348
42184116,359348
35998481,359348
35482128,359348
42124481,359348
39986215,359348
38286555,1863068
42223602,3471577
7882388,3504123
43499617,3554163
44143104,3579630
40387779,4460318
8159301,6108237
43627428,7344533
38517026,7366783
28799100,9131469
28799102,9131469
28799101,9131469
32864376,9131469
32864375,9131469
29285673,9131469
40795198,10885950
7648210,10932045
40337402,10967542
39645219,10977742
38846415,11001724
42039710,14558910
44196243,14558910
8092632,14595967
32321662,14658095
37481288,16471379
38517026,16494443
38051815,16610034
38514238,16610034
42562035,18192148
39344637,18198560
40951361,18221954
35452679,18223628
36096722,18224517
42831082,18225098
38564006,1126368
41566520,1134338
39930325,2357756
41162692,2460550
29415152,4197523
29715422,99638901
34681755,99638901
37665466,5344375
44560164,5344375
44081267,5344375
40278957,5398565
42196455,6895055
43755971,6949070
44065883,7085392
34909985,8682739
18913892,8692009
41508955,8771662
38286555,8771662
36764595,8771662
27393500,9965436
36869917,9977110
43446815,9910980
38565885,11615852
34753150,98940946
34941101,13168233
40456345,13168233
35514093,13168233
38596273,13168233
40456174,13168233
41203501,13168233
38283286,13168233
38134496,13168233
37074201,13168233
34941028,13168233
36118067,13168233
36118097,13168233
41800810,13220256
43992142,14721219
40352709,14786347
38515461,14786347
36869906,14808094
43382750,14811458
37011542,14820396
42222078,14833317
42222084,14833317
43779451,14833316
38515503,16180226
44142074,17737544
42266386,17759337
42981099,17759337
26246824,17876850
43534956,2239558
9957992,3936032
38222676,3947909
42231270,4017268
37310392,5070380
34429593,5070380
39167923,5070375
37693506,5101810
41718846,5102545
42084581,5102545
40521549,5105269
39943147,5120152
41066590,5200257
32771011,5200257
41064642,5200257
44143117,5200257
44143144,5200257
35514093,5200257
32771043,5200257
41259894,5200257
44142077,5200257
42231278,5200257
44081267,5200257
34063455,5200257
44142069,5200257
39462164,5200257
41010297,5200257
41509748,5200257
41559702,5200257
41010469,5200257
42223602,5200257
41203501,5200257
37027500,5200257
40265972,5200257
41090371,5200257
40901771,5200257
29264853,5200257
41010471,5200257
36764595,5200257
38261594,5200257
44143104,5200257
38015725,5200257
40283433,5200257
44142084,5200257
41011978,5200257
35513109,5200257
41161329,5200257
40278632,5200257
34941028,5200257
40032691,5200257
44142068,5200257
38286555,5200257
37074201,5200257
41314521,5200257
34194910,5200257
7710172,5200257
44142081,5200257
40666742,5200257
37672449,5200257
44143131,5200257
39262998,5200257
44143120,5200257
34958415,5200257
35514092,5200257
35455150,5200257
40032634,5200257
43598138,5200257
42223610,5200257
42231268,5200257
44143116,5200257
39668209,5200257
43928279,5200257
42072911,5200257
29731844,5200257
41010423,5200257
38197650,5200257
34259111,5200257
44143815,5200257
38134496,5200257
37311884,5200257
38283286,5200257
43608629,5200257
41511245,5200257
42224566,5200257
40278951,5200257
41066699,5200257
44520504,5200257
38761231,5200257
41467148,5200257
28050789,5200257
35809647,5200257
39593610,5200257
42987695,5200257
44143115,5200257
44142076,5200257
7682117,5200257
35840322,5200257
40362369,5200257
40456174,5200257
38596273,5200257
38118934,5200257
41668280,5200257
34926988,5200257
41258359,5200257
29796368,5200257
44143128,5200257
44505361,5200257
39092242,5200257
42244507,5200257
39865622,5200257
41066610,5200257
41259854,5200257
39263105,5200257
37441907,5200257
7696219,5200257
41818344,5200257
41162692,5200257
28798968,5200257
34941101,5200257
38996209,5200257
40472916,5200257
39543051,5200257
43902831,5200257
36407933,5200257
40456345,5200257
43708926,5200257
37693506,5200257
35005063,5200257
42289039,5200257
39760227,6748022
39263105,6767439
44082210,6767439
42184116,6810842
34192527,6831667
41058836,6847282
18130821,6849687
44143122,8363845
41091022,8393419
33515012,8393419
33514968,4915317
33515012,4915317
42184116,9863107
37481288,11426970
43386192,11443224
40380151,11474445
44560162,11596070
42338723,12939598
40030902,12939598
40588239,12943474
42223598,13025118
42124667,14844466
35355814,14858041
35448152,14858269
37663118,14858269
32694867,14858269
44355105,14973613
40503817,16441948
42316511,17880437
28798968,485796
7696219,485796
7696033,485796
35841849,485796
38814486,485796
40605235,485796
36940041,17987402
41797542,18020913
40019140,1265371
43734564,1278822
41652203,1363117
43496816,1371962
29265837,2663648
39156248,2664519
40387779,2753115
40626084,4270706
37649471,5914035
39314392,5924427
34672716,5958134
41008932,5992750
40260118,6031367
38003906,6109554
44353095,7129997
44366931,7194594
38805602,9058772
39590878,9058772
36998545,10162415
41460120,10165714
39493537,10165714
41401822,10165714
32668617,10165714
34778141,10165714
37885832,10165714
44143144,10190882
44858388,10190882
44143116,10194214
28799100,10185765
28799102,10185765
28799101,10185765
29285673,10185765
32864376,10185765
32864375,10185765
37693506,10323740
39593610,10323740
38197650,10323740
37672449,10323740
38069075,11808761
35589532,11808761
31187021,11935644
43410512,16628343
34959688,17531944
42613887,17531944
40526746,17531944
39926153,17531944
43379853,17531944
37649471,17531944
35929971,17531944
42811314,17531944
35873125,17531944
43221132,17531944
39808736,17531944
40679038,17531944
42224597,17531944
42184110,17531944
42542693,17531944
42309639,17531944
43302976,17531944
39492648,17531944
44224261,17531944
43027651,17531944
42734802,17531944
39865724,17531944
35809593,17531944
39146855,17531944
40718543,17531944
43125359,17531944
42562384,17531944
40801603,17531944
41056401,17531944
40715459,17531944
40260119,17531944
34959687,17531944
38222469,17531944
37304041,17531944
39364868,17531944
39674533,17531944
38470837,574298
40074599,632301
44187794,639744
42225458,706023
40362369,2072379
39682249,2085178
38309665,99810685
44476629,3953587
42087881,4013838
42026320,4013838
42028093,4013838
33562574,4023532
41513061,4027568
43797857,5102271
43880324,5102271
41668274,5200257
43618115,5200257
41505005,5200257
40381496,5200257
40621357,5200257
40490415,5200257
41508080,5200257
37665466,5200257
42222080,5200257
41572593,5200450
41161365,6711203
34679397,6738303
37023957,6770565
40278951,6795505
42034524,6795506
42103018,6844161
40911967,6847282
42355728,8233064
40503817,8270869
40607009,8353401
39868676,9863107
41051107,9863107
37711833,9889958
39493537,12943489
33426916,12943489
40679038,12943527
37304041,12943527
39020544,12943527
40679039,12943527
39492648,12943527
41064784,13014549
27393500,13075704
44560162,13081523
42222093,14869411
41416405,14894375
42551688,14894375
34990046,14989439
42032723,16300345
38522930,18011046
42356263,18041781
42072911,175096
37668336,260430
40623863,335584
35344643,359348
43497461,1836762
41090371,1850646
42674929,1904247
42194246,1904247
39156541,1920490
39593610,3407219
37873336,3407219
40668462,3407219
36118067,3407219
41505005,3407219
36118097,3407219
43530378,3407219
44858388,3506627
44143128,4600499
42333436,6114966
44081267,6190036
27598276,7347371
26246824,7352322
39267901,9172326
40689521,9244488
43448268,9244488
39415361,9244488
36782307,9244488
37310392,10849768
40951361,10855683
41064784,10949266
44081267,12876951
42084581,14611010
39667111,14660781
33514968,16494270
33515012,16494270
34139873,16502598
40503817,16506477
38134496,18147109
38283286,993534
36928409,993534
34981372,993534
37074201,993534
27393500,99912519
41508955,1046084
35873125,1126368
35809593,1126368
38459383,1126368
41259787,1132753
42338730,1132753
35998481,1133540
29415152,2300932
41631244,2478986
41509748,2478986
35840322,4053057
43588695,4098406
43588696,4098406
42198572,5449834
44140840,6988413
32042844,13271742
40639967,8749280
43598138,8771662
42542992,8847805
28799100,9982832
28799102,9982832
28799101,9982832
32864376,9982832
32864375,9982832
29285673,9982832
38514238,9916478
42542714,10051472
31185862,10055326
38522930,10125468
38875816,10139724
43876520,11633327
43756772,11750442
41707598,13233884
41707599,13233884
42034544,13354509
33550481,14713993
40954403,14725776
40718543,14725776
40621357,14833318
34966536,16083887
44143115,16153713
42289680,16199121
29267358,16211051
37622008,17726184
43534248,17737195
34957948,1236432
42222973,1239285
27093569,11272317
37672449,4441271
43385733,5916519
43032611,5948599
43028578,5948599
37776596,5960209
41090371,6020976
34970368,7149121
40090342,7236449
38517025,7236450
40679036,7247983
43217949,8870951
34429593,10162415
42338730,10185862
25016102,469312
39311312,10309360
39951447,10323740
28050863,10323740
32735561,10323740
42260319,10345295
29271595,11823045
34676769,11945771
41567276,13390578
42196452,13423582
35404798,13495043
42230233,13594309
43416524,15028883
43827370,15029631
41529649,15239874
27532070,16645428
8157165,17531944
42226163,17531944
40824788,17531944
41717370,17531944
43411505,17531944
43857205,17531944
43759729,17531944
42060164,17531944
40521549,17531944
42231272,17553366
42237420,17568390
27220727,17576905
42987695,17593928
34530405,17639065
8496468,19326873
43126566,813133
43628472,813133
42223651,828209
41066666,911983
39188801,936051
26246824,943812
21780855,2989485
43876520,3142261
41466366,3175966
39865724,3175966
44143115,5812883
40626084,8482236
38813859,11045098
42222088,11124836
39868708,11191957
40472130,12414348
39543051,12414348
41012222,12414348
40472015,12414348
44652096,12414348
34975926,12440997
43607257,14152960
43410512,14191940
43379853,15696577
39943147,15743889
38309665,15827309
43605994,17207214
42056602,17207214
28050790,17305704
44142074,18675661
44798101,18675661
39930552,18822450
38515503,18822450
43355993,18822803
42355728,18922819
41064784,18986991
41416405,1407002
40785431,1462270
40691046,1462270
42166017,1462501
35005063,1479677
29731844,1479677
32771043,1479677
40263300,1514645
41529649,1517164
9957992,1561556
43495843,1544795
42979413,1544795
35344643,1587984
8097738,1615443
42783193,3602503
44143117,3116826
46328751,3640784
46328717,3640784
37672449,3705117
39719277,4857807
35589532,4907559
38517026,4914319
34753150,99568452
34753150,4949738
35721676,4999284
39667111,4999284
38515503,4999284
39968842,4999284
38517026,4999284
33562574,4999284
38859576,4999284
42222082,6503110
42222081,6503110
43755971,6664419
40019714,6688314
44142077,9617277
40032812,9634788
41010423,11304695
41559702,11304695
43857205,11369113
35320281,11403932
44366926,11404184
37187106,12492273
39359107,12516085
38515503,12516085
39968842,12516085
38517026,12516085
38859576,12516085
42244507,12567337
34854339,14373919
44560164,15894540
43243047,15966058
42222091,15976701
42220847,17464485
43525114,17464485
42984058,17485446
41162692,19128238
42222960,19159941
42222090,19159941
41066707,424931
40538868,431479
39926153,431522
39926152,431522
39926154,431522
41478713,433388
32829013,447005
26055277,457432
8498094,554694
39868708,2799794
35746213,3370727
42670647,2807460
21907529,2807461
35799306,2807461
26918424,2807461
39768621,2858021
44142077,2919247
34746184,5515131
40380151,5600673
39156248,5646111
39868708,5652895
24942667,99290343
24942667,9180179
8160449,10466571
41129212,10471203
41091022,12157628
37571844,12229043
40352713,12229043
35355814,13880253
43608613,13880253
39719400,13880253
34559138,13880253
36940041,13880253
41572383,13880253
36869906,13880253
38170014,13880253
41513061,13880253
40775156,13880253
37114539,13880253
37571844,13968446
42732855,13968446
37663118,13968446
38752541,13968446
34558188,13970310
40289430,14001993
7961146,14026158
44475867,15607623
40075573,15646781
42073949,15646781
44081269,15688376
44187794,16993411
34935212,17044632
43379853,17046760
43586700,17046760
44257962,17081278
34353399,359349
35874460,360120
42220847,1904247
43525114,1904247
40668462,1989759
43530378,1989759
34966536,2040069
42077869,4598911
42195532,4598911
42224566,4605144
34957948,6109996
36407933,6148712
37441907,6148712
40337402,6151284
42072828,6168274
38515805,6168274
40175879,6168274
39364044,6168274
42732855,6168274
40352713,6168274
39356556,6168274
38515461,6168274
40175880,6168274
26246824,7315188
27741484,7352320
32321662,16418535
44011948,9113596
42931934,9222781
42990126,9244488
43534248,10885950
35721676,10886517
38517026,10886517
43605994,10886517
42056602,10886517
39577397,10910215
43836825,12717629
40220839,12779748
43497461,12836501
25050770,14584220
38222676,14618642
40602351,16598932
34194910,16607553
37402106,16610034
42663870,18083989
42779530,18083989
43843077,18083989
40384198,18102069
40548680,18102069
42562035,18126414
36407933,18138120
42237420,18142551
42289039,18147107
44341841,18190440
38739430,600073
41057625,2078235
26246824,2117711
43379853,2127780
42101840,3844948
26783507,99666361
40298698,3947909
38015549,5104959
42084581,5108078
41718846,5108078
42781597,5105269
40600122,5105269
41066590,5125533
40382350,5130467
40721861,5130467
38197650,5149458
40419027,5185043
7647085,5200257
35874460,5200257
38995149,5200257
42979413,5221850
39852174,6743569
42941953,6743569
37011542,6701099
40472130,8249635
41162714,8249635
41012222,8249635
40472015,8249635
37074201,8249635
40591902,8249635
42230233,8249635
35787015,8304643
7925269,9780303
42073700,9789694
37027500,9805635
27532070,11426970
41091022,11590709
33514968,11590709
40469918,11596069
29731844,11600836
43416524,12977444
42562035,13042318
42222082,13081520
44708737,13100025
39645840,14866885
28050863,14874108
40074827,14973613
42338723,16289083
40567848,16289083
39304522,16350675
42034544,17919307
7634034,17970894
43734403,18010020
40679036,18029365
41797542,1013760
42222089,1044318
43217718,1135067
40792049,1156515
43530378,2311929
37022124,2455024
29583721,4164958
40291167,4165570
39868708,4165570
41094440,4165570
40032812,4165570
38962000,4165570
29715422,4209666
33427410,5307138
43796282,5399290
42119755,5429696
40075573,5449834
34679397,6884181
33435055,6981125
33514968,14491300
33515012,14491300
43992133,8727049
43778525,8727049
43385733,8785391
42668460,8824610
40591965,8825055
43734564,8842638
31984389,8863756
39463899,9957789
43426895,10128505
42145313,11673795
7680654,11680085
29720179,11725880
32771011,13168232
37402106,13168232
43382750,13216609
32042844,7068005
42084581,13312495
37888154,14430791
34962866,14430791
35789234,14717941
40042779,14795945
38162135,14799401
42222958,14833318
37560923,14843595
38669878,16070294
37693506,17727437
36407933,17846741
40936293,17857669
38255293,17857669
40042769,17857669
40075574,1229528
39855033,1229528
41066590,1239285
41668280,1239285
41509748,1239285
39943147,1263339
43854229,2663882
42224495,2663882
40260119,2663882
40626084,4270660
41682710,4317936
42231273,5916519
42260376,5932612
41460120,6029979
42226163,6031367
38608871,6110027
34737118,7124125
33514968,7188459
33515012,7188459
42222093,8869107
20417849,8888636
25522816,99193589
42734802,8903454
43627428,8921010
27598276,9010475
38515503,9015121
42056602,17878408
37683696,10162415
41064784,10228397
42937421,10185862
40901314,10186491
43853267,10309360
35853075,10322990
41199707,10325340
40847880,10329621
32829013,599689
41707598,11935117
41707599,11935117
43353624,13387915
38923515,13462142
40260118,17531944
8104813,17531944
43854229,17531962
33426916,17532284
20414778,17583802
40304948,17638987
44140840,19287624
37074201,795772
39719277,15000675
43857205,852628
43876520,912828
38006097,3142096
38517024,5744335
40753500,5789290
41668274,5851708
40076132,5851708
37665466,5851708
40666742,8563150
39462164,8563150
41162714,11073363
40591902,11073363
40074599,12293535
41198682,14087946
44142084,14096374
40790464,14110690
42231270,14131731
34958415,14145289
29796368,14145289
40278978,14145289
38344885,14193412
34355502,4720770
37885832,15806709
43495159,15807432
37669465,15827309
8171034,17163170
43902831,17199646
42286657,18822450
39943147,18986990
39251168,1441795
40186081,1441795
34112651,1545557
40316337,1613716
44482612,3636882
39673853,3636882
44065541,3650820
41682710,3715104
42286472,4907559
39930552,4907559
20279517,99414852
41010471,6601753
42316511,6635069
41058836,6658166
40911967,6658166
42231272,8005668
35452679,8066780
40380151,8076693
40032634,9564196
42237420,9495632
43125771,9595451
43608629,9599401
41136950,9600182
32910021,9601239
39767154,9634831
40387899,9635308
41396141,9725910
42931934,11280494
35787015,11330110
42263363,11404180
44366931,11404160
45003479,11404160
44303565,11404160
38459040,11404160
41416439,11404160
45022290,11404160
19189473,11404160
41412308,11404160
44798101,11404160
44475866,11404160
44340938,11404160
41693018,11404160
40406267,11404160
42633548,11404160
39673853,11404160
40031721,11404160
42059741,11404160
42263364,11404160
44353095,11404160
43123516,11404160
36916479,11404160
39863777,11404160
43297394,11404160
43386192,11404160
42106341,11404160
44142074,11404160
44366927,11404160
40795202,11404160
27532070,11404160
44482612,11404160
40074827,11404160
40074870,11404160
40135722,12547562
40470831,12547563
42970194,12617609
41718846,14297449
40379631,14307421
40291167,14307421
41094440,14307421
40032812,14307421
42231270,14344995
41668274,14456732
44142073,15895623
41203501,15923851
38170014,15986921
29413788,16004772
44647405,16039461
33550481,16039461
42829506,16042952
42668460,16042952
44647405,17407002
43758659,19073544
32321662,19073544
42184110,19105374
9957992,432442
43033465,432763
27659983,470681
40591372,2793131
40228866,2793131
40316337,2871004
32865083,2919370
40026767,2965877
43085385,5608979
42224503,5617709
39204124,5645979
42113917,7657774
43355993,12144976
39364044,12170924
39356556,12170924
35276530,12170924
38776817,12170924
38959662,12170924
39863777,12204794
41693018,12215560
39719400,359348
36940041,359348
41572383,359348
33547553,360120
43598138,360120
40032691,360120
41572593,360120
42335014,1892534
39593610,1916973
41511245,2008233
39530965,2036841
37668336,3448123
44063760,3506627
37671968,3586950
40785550,4523090
42555744,4583549
37668336,4584274
40526746,6141032
40654494,7413784
42231279,9078585
41797542,9152722
43756766,9187113
28050863,9202497
42105645,9231030
33039099,9234279
43758659,10874220
43222813,10874220
40090342,10949251
41258356,10982463
32922153,12854571
41198808,14529751
41353951,14590212
39808738,14590212
38761231,14635526
41066707,14635526
40362369,14655638
40954404,16465389
41600742,16549437
41722748,18134279
34353430,11929086
40044086,993534
40076132,993534
42937421,1132753
7682117,1134338
38895466,1154627
43992133,2329259
38006097,2362525
42113917,2455024
37402106,4060307
34063455,4097785
8096781,13724672
39943147,4116383
38517025,4116381
40518527,4116381
43124083,3908123
40847170,4170497
39760880,4170497
35079222,5449834
35929971,5449834
42034544,5455430
42222960,6951186
42222082,8765833
42222081,8765833
43992133,10010517
43778525,10010517
43992133,10010585
43778525,10010585
38222469,10058164
42138767,10049703
42222101,13150962
34103166,13168232
27393500,98785023
7697689,13285477
39431463,14795945
33435055,14812490
42220847,14820396
43525114,14820396
42222093,14833317
44522480,14833317
35840322,14843595
39593610,14843595
26916487,16105191
43495843,16114630
42979413,16114630
39681656,16211181
38995149,16233136
41010423,17764344
34063455,17764344
42665802,17793149
43496601,17793149
39262797,17806476
42231268,17806476
41254219,17806476
41427901,572540
38470837,574294
42315657,632301
43755974,3829644
42634124,3946381
38015725,3953587
41016447,4007259
32829013,4011705
40472916,4017268
41667189,4017268
40785550,5070380
36998545,5070380
39577326,5070380
38778155,5070380
39032120,5070380
39679299,5070380
42222093,5075636
38875816,5101810
38517024,5164508
44652096,5169276
38134496,5173481
42222085,5200257
42222092,5200257
42124667,5200257
42222974,5200257
42222959,5200257
42230232,5200257
44142075,5200257
43501157,5200257
40472130,5200257
44858388,5200257
40044086,5200257
38514238,5200257
38875816,5200257
40591902,5200257
42230233,5200257
43530378,5200257
34981372,5200257
40472015,5200257
40076132,5200257
36928409,5200257
40668462,5200257
36118067,5200257
36118097,5200257
41162714,5200257
42034524,5200257
44011948,5200257
41012222,5200257
37873336,5200257
38051815,5200257
43615292,5200257
39760880,5211704
40847170,5211704
29731844,6831667
40384198,6844161
38822197,6858099
41721228,8331581
27532070,8400286
43217949,9792417
42633442,9798956
32771011,9805636
35455150,9805636
39597613,9813055
35464091,9863108
39362977,9863107
33562780,9335351
35787015,11447687
32865083,11471923
34521913,11547102
39560848,11583841
42223598,11596072
38761231,11596072
34192527,11600836
37027500,11600835
42220847,12921901
8096781,13073405
42222086,14844467
37076124,14858269
35404798,14862681
42195532,14893499
33417860,14931236
44366927,16448938
44141427,17880870
42077869,17936969
44151371,17930797
44257962,17930797
42562035,17292252
43608895,1227165
34959688,1236360
7692180,1311042
43382370,1332057
44066979,1332057
43843077,1332057
43304664,1332057
42562976,1332057
34486439,2543464
39230438,2662746
40901314,2760337
41559702,2770944
31187021,4446570
42710056,5913738
43126566,5913738
34753150,99468218
38232891,6026262
39591794,6026262
38984200,7118285
38739430,7118285
34908870,7129997
34315649,7129997
40753500,7222560
39530965,7228035
40518527,7236450
37693506,8869107
43608629,8869107
25522816,8900829
42173280,8945805
44505361,9056831
39865622,9056831
42244507,9056831
33426916,10165711
39276257,10165714
25050770,10171721
44143124,10194214
44143128,10320689
43627775,11792211
34975926,11853537
43416524,13528266
41353951,13536655
29267358,8300782
41466370,17531944
40639923,17531944
42562380,17531944
41353951,17531944
38935921,17531944
42224495,17531944
40679039,17531944
42119742,17531944
43778525,17531944
40600122,17531944
40795935,17531944
42992829,17531944
40792049,17531944
40504459,17531944
40637575,17531944
43446815,17531944
41466366,17531944
43927675,17531944
41669380,17531944
42073949,17531944
38565885,17531944
42224503,17531944
40578113,17531944
40289430,17531944
41664021,17531944
41136950,17531944
35079222,17531944
43088071,17531944
42032723,17531944
42289680,17531944
42356263,17531944
41716942,17531944
43298229,17531944
39590397,17531944
40765599,17531944
41716934,17531944
43411402,17538160
42223547,17553366
33130859,17589362
38198827,17641916
37560923,17697498
37402106,795774
42230233,871520
43736218,881448
27741484,943812
42333436,967306
27093569,2664518
41717370,3017526
41066590,3024051
38813859,3076962
38134496,3080508
44011948,3089056
38761231,5812879
41066707,5812879
40765599,5852702
41797542,8488008
37854337,11035594
34259111,11131991
44143116,11131991
40301416,11131991
41314521,11131991
40278632,11131991
44142068,11131991
44142069,11131991
34753150,11158576
37441907,11190873
42982246,12290678
39156248,14151197
43411505,14190983
8180897,17163170
39791310,17167895
38996209,17305704
39865390,17305704
39156248,17305704
28050789,17305704
38134496,17305704
29264853,17305704
39863777,18690184
41406959,18697344
44366926,18822082
35320281,8764775
32829013,8764775
41693018,18922819
46301215,3764848
41066666,4875402
41090374,4881369
40810593,4907559
38069075,4907559
34650813,4907559
33550055,4907559
34937742,4907559
44340938,4937421
42316511,14691586
39359107,4999284
43736218,5029421
41529649,5040420
27805233,6502098
34399758,6533768
44505366,6568124
40654494,6658166
38967797,6664419
40591372,7981634
40228866,7981634
44142073,8005668
42223651,8042232
43124655,9565295
43928279,9599401
40075574,9600186
39855033,9600186
39777488,9622865
33130859,9622880
44196243,9704855
42560069,11258425
42560068,11258425
39668209,11298149
39926153,11369112
39926152,11369112
39808736,11369112
38625329,335584
29265837,1914982
39106077,1920487
41136950,3431255
44065541,3444271
43495843,3500687
42222091,4469207
38517024,4470069
39338983,4486487
42732855,4600644
41797542,4636882
34959688,6109997
38517024,7284321
44366930,7308025
44475866,7308025
44340938,7308025
27741484,7315188
43758659,7375063
43222813,7375063
40626084,9121883
39863777,10880688
42128630,10880688
44143117,12717629
40220839,12779776
44530664,12781224
32321662,16494261
41608546,16583794
37074201,16610034
28050863,16613146
40352709,18102071
37441907,18138120
42130469,18210473
41529649,18227456
38283286,1013393
37011542,1135067
43992133,1156515
38822197,2289967
40753500,2329457
38006097,2357756
44257962,2432899
42783193,4149090
41090374,4165570
40456174,5274506
42224503,5399300
39081588,5419088
33417860,5467124
40337402,6919472
43496816,8710518
42222080,8765833
42230232,8771662
43379853,9901747
42665802,10078467
43496601,10078467
42119742,9928835
40786169,13168233
43503075,13334785
40381496,14745618
40352651,14795945
39530965,14800907
43734403,14834875
43305784,16072410
40130335,17842359
38984200,600073
40588239,654983
43969832,725470
39943147,2143058
34355502,3830918
26783507,3916373
38015549,3947909
40044115,4013838
42668930,4013838
40943858,4013838
36758626,4013838
40379631,4013838
40456581,4013838
40785431,4013838
42244700,4013838
40186081,4013838
39868708,4013838
38694113,4013838
40591965,4013838
40568359,4013838
40850776,4013838
40418868,4013838
38460983,4013838
39251168,4013838
40404268,4013838
40691046,4013838
42260319,4013838
40565192,4013838
41478713,5070380
40588239,5070380
40931868,5070380
43797857,5070380
42830750,5070380
40454662,5070380
39282460,5070380
40538868,5070380
41112648,5070380
42315657,5108078
40795935,5105269
43243047,5115669
42634124,5130467
37074201,5149458
41631244,5169276
43534957,5188388
11458889,5219673
32735561,6711203
37402106,6808173
43627775,6849735
43426895,6866640
43586700,8366740
44143122,8437228
39577397,9863108
41608546,9900897
42165358,11468298
43615292,11483855
34966859,11472218
40342257,11537628
39106077,11537628
32708399,11584129
34975926,11590709
35514093,11600837
34941101,11600837
35514092,11600837
34941028,11600837
35513109,11600837
42931934,12945221
40377457,12945221
39530965,13071978
42222081,13081520
19156703,14973173
44143122,14973613
44475868,16445451
38724397,17919307
39509845,17919307
7634034,14173761
43124655,18022635
39156541,18031406
40591544,18041781
42665802,18064489
43298229,1236432
41278891,1239284
42073700,1315387
43302378,1332059
39591794,1332059
34966536,1363026
37714317,1389109
39791310,2586398
38967797,2727846
42222091,4289059
42230233,4384356
42231274,5916519
42222966,5916519
42231275,5916519
41129212,5941795
42145313,5948599
32735561,5948599
34203138,5948599
39146855,6058991
40639923,6058991
35721676,7124125
38515503,7124125
39968842,7124125
38517026,7124125
43605994,7124125
38859576,7124125
42056602,7124125
40568359,8903151
42316511,8920966
41819496,8909095
39230438,8990617
29595354,10301063
40954404,11847974
41466370,11945752
41799468,13374152
40291167,13380010
39563434,13380010
41094440,13380010
43217949,16631174
42224503,16706576
43302908,17531944
41129733,17531944
41572690,17531944
43992133,17531944
41009904,17531944
41399289,17531944
41381988,17531944
39344637,17531944
34934229,17630832
38846415,17660889
37076124,17679548
39431463,17679546
40042779,17679546
34969837,17679546
34967793,17679546
35452679,17715882
43647916,19335717
36928409,795772
34981372,795772
42084581,821557
43411402,857824
43010048,956105
34679397,2989484
8171034,3034701
42335014,5838199
38003906,8455600
41797542,8545503
42222969,11104896
42222970,11104896
42222962,11104896
33300065,11157161
41466366,12303492
43525114,1655210
36121303,14112294
34926988,14145289
37714317,4720770
43759729,15720232
40588239,15739875
40019140,15793058
39276257,15724763
36869901,15724763
42979413,17232668
27532070,18690187
19189473,18690187
40090342,18986996
43857205,18999745
39777488,1407002
34385055,1545557
41631967,3769931
42087881,4881369
42026320,4881369
42028093,4881369
40291167,4881369
41094440,4881369
38962000,4881369
41460120,4901254
41401822,4901254
39673853,4937421
44187794,5048717
20279517,6527277
30010680,6533772
38667500,6612649
42286657,6658668
37481438,6658668
32587986,6659143
39791310,7962818
41682710,9559348
39563434,9600501
40786169,9689398
41129212,9689398
27393500,9738041
33515012,11270939
34315649,11404160
39926152,12458927
40637575,12458999
41664021,12356020
42269147,12359110
39401353,12622405
40074599,14297449
34737118,14499762
41066699,15907307
44142071,15907307
41010471,15907307
40379631,16042952
38335543,16042952
43734564,17464485
40953006,17497527
39367323,407909
42562380,431571
42562384,431571
40075574,432026
39855033,432026
43379853,432026
7696033,17970894
42562035,494562
44143144,506746
42230231,2923572
40849988,2953255
44143113,5524011
42783193,5527246
42167470,5582280
38759543,5639600
40824788,7875120
7696033,10323740
42223598,10458959
32910021,10466571
43450105,10410056
29413788,12229043
35432892,12233838
44708737,12251122
43992121,12283298
7692180,13834892
43448268,13880252
42224503,15558162
39107009,15606447
35432892,15606447
42222093,16950532
42077869,17017875
39986215,17024574
41406959,18502891
43220439,18539364
44597066,18543107
41718846,57699
42084581,57699
42315657,57699
34178077,125585
42987695,145885
43605994,161544
42056602,161544
41136950,1521707
34177692,1739743
43446815,3183250
41259854,3204817
44142084,3204818
37669295,3244085
38669878,3244084
29583721,3289594
43124655,3387436
40263300,4839126
35998481,4839126
44355105,6282483
44353095,6282483
43386192,6282483
38366946,6399674
7936775,6476404
34957948,7645322
42223547,9321518
39230438,10621364
40626084,10677844
38344885,10685175
43797857,10741706
41010297,10750426
39142757,12077054
38778155,12119950
8495916,98749248
8495916,13687229
8096781,17485467
43628470,15261750
34908870,15268732
37441907,17089381
40753500,17157178
41080785,18504470
32652579,18570893
43355993,18647587
40667156,57699
38517025,59369
40090342,59369
40518527,59369
7925269,116105
34859221,1630979
34063455,1657090
43530378,1657090
7692180,13665743
38787027,3244085
42119755,3370736
8096781,4692260
40157163,6017051
41016447,4749702
42243684,4756175
42542693,4809636
41693018,6282202
43969832,6282526
40715459,6427022
19685402,99313122
40901771,7551070
34429593,10758949
41608546,10788745
42130469,11981421
44143815,12013524
8094193,12078613
42222966,12082601
41399289,13607445
39494479,13725183
38543649,13725183
34129838,13774512
40795198,15268732
33514968,15347547
33515012,15347547
40044115,15501955
42829506,15501955
42668930,15501955
42931934,15501955
7936775,15501955
38335742,15501955
36758626,15501955
40379631,15501955
40291167,15501955
39251168,15501955
38814477,15501955
40850776,15501955
39142757,15501955
38694113,15501955
40377457,15501955
38998346,15501955
38962000,15501955
38983706,15501955
42244700,15501955
39767154,15501955
40404268,15501955
40691046,15501955
43412211,15501955
38335543,15501955
42333353,15501955
42173280,15501955
41682710,15501955
44624981,15501955
42668460,15501955
40943858,15501955
44624835,15501955
43033465,15501955
40560639,15506474
43843077,16713409
43969832,16719352
40511198,16719352
43857205,16756946
44624981,16757277
7837740,98295358
7852685,18262873
7836808,18262873
43898588,18343906
29265837,17531944
39926154,17531944
39020544,17531944
39855033,17531944
38459383,17531944
40075574,17531944
35520062,17531944
38510334,17531944
38543649,17531944
34129838,17531944
38846951,17531944
39926152,17531944
40548680,17625014
29264853,17663386
40026767,17701740
8496468,825101
43854229,852628
38283286,881452
35502293,891368
40639967,896351
34681755,2989484
41716942,3017526
41716934,3017526
44081269,3063493
32092827,3091685
43843077,3132604
39951447,8534322
43992133,8530859
42338730,8559332
35721676,8663345
33562574,8663345
34778141,8668384
39679299,11100845
36407933,11104896
37441907,11104896
44142076,11104896
23266785,11134381
43795199,11148596
33300065,11157163
33300065,11191030
43535857,12290678
41718846,12293535
42315657,12293535
39027518,12303492
41505005,12330446
39719277,12358020
33514968,12440997
33515012,12440997
42220847,1655210
38162135,1655210
43734564,1655210
42282582,1655210
41667475,14131454
42613887,14134374
43302976,14134374
40278951,14151209
41064784,15743889
39597613,15846122
41631967,15848302
42230232,17199741
41797542,17314865
42222089,18705379
40842335,18716109
43501157,18717049
43496601,18816771
39719277,1390858
42710056,1464809
43126566,1464809
43628472,1464809
42741564,1464809
41797542,3641598
32092555,99677608
38118934,3782376
40490415,3782376
40135725,3813876
42266386,4875402
42981099,4875402
33426916,4881369
39575569,4907705
8496468,4961348
32962699,5048081
43902831,6593354
39667111,6658397
39868708,6667849
41707341,6670020
40954403,7875120
40718543,7875120
42732855,8138284
40304948,8174235
44624835,9628824
44187794,9676648
39156248,9689396
27393500,99111463
41009143,11272317
34681755,11272317
26918424,11272317
40679036,11307497
44366930,11329510
44366927,11329510
44482612,11329510
44475866,11329510
44340938,11329510
43854229,11369113
41009904,11369113
42935828,11404160
42309940,11404160
44366930,11404160
42355728,11404160
44355105,11404160
41721228,11404160
44141427,11404160
43355993,11404160
41433796,11404160
42128630,11404160
43627428,11404160
43603043,11404160
42309913,11404160
42316549,11404160
41318448,11404160
40795199,11404160
44143122,11404160
41412291,11404160
41412306,11404160
41058836,12516085
41056401,12567335
40715459,12567335
42992829,12567335
40602351,14344546
40503817,14501119
41717370,15887209
40637575,15887208
42993679,15896841
42102376,15937190
42320324,15937190
8159753,16042952
41066666,17393391
29719109,17406519
42562976,17419077
41254219,19093684
40032634,19110450
35134119,407913
42195532,407913
42244700,432462
25016102,10187961
39032120,470680
42231272,505725
39496168,538735
8498094,554696
26916487,2807458
34679397,2807461
39943147,2864020
42223651,5632574
8096781,17629013
41361319,10443851
35809593,10460134
41559457,10520838
39092242,10549802
44597066,12216523
37734774,12229043
37076124,12229043
42551688,12229043
34966536,12251122
41128279,12271938
7692180,13834892
40042769,13880253
34936138,13880253
34177692,13880253
39311311,13880253
40467344,13880253
33039175,13880253
38884885,13880253
38814486,13880253
32519827,13880253
36782307,13880253
36407933,13974768
37441907,13974768
40953006,14004618
37888154,15616709
11042197,98547569
32480341,17020600
40765599,17046760
41653113,17102956
43991677,18582785
42562035,18665024
37482521,25145
32922153,25145
43857205,29118
33130859,112097
38846415,117236
38219481,117244
42231279,3204818
41669380,3205624
36147049,3244086
36928256,3244084
42266386,3289585
42981099,3289585
42678403,3360142
44505366,4663985
39823810,4846611
32708399,6281376
42309639,6383823
38222469,6383823
39364868,6383823
40954403,6383823
40718543,6383823
41466370,6475975
29731844,7517053
38366946,7551070
44196243,7631587
42223547,9323166
43836825,9323166
40135722,10783645
40470831,10783645
44143113,10819248
39563434,12075251
40032812,12075251
40786860,12075811
43262612,12077995
43302908,12077995
42198572,12078628
40075573,12078628
39492648,12078628
40278978,12082602
41161365,12082602
40265972,12082602
38222469,12084523
38510334,12084523
7648210,13649344
27393500,98737971
32910021,16757010
39767154,16772629
19156703,98430782
40786169,18233715
7647633,18262873
33304930,18262873
42341746,18273132
42231270,18276907
42034544,18369514
41682710,18369883
41162692,18407741
33550481,2963307
38472820,2963307
31185862,2963307
42670315,5482962
38923515,5490544
38805602,5527372
39590878,5527372
43497461,5583054
32829013,7758157
34609975,7892492
44187794,10424961
38219481,10432210
38564006,10460134
40337402,10529280
43003465,12196068
43734564,12214185
41566520,12259206
34353399,13880253
39577397,13880253
34530352,13880253
35464091,13880253
40260118,14015460
39808736,14015460
40090342,15553339
41129212,15560282
39543051,15597254
44652096,15597254
37693506,15668396
38515503,17132209
38923515,17137716
42316511,33819
39313563,1624051
37011542,1655594
41717370,1701083
41716934,1701083
32092827,99839339
37693506,3112937
40898448,3335868
44544081,3360142
40601519,3360141
32910021,4692257
8092632,4692257
8159301,4692257
8092632,9492711
42083880,6336318
36096722,6336318
42647364,6336318
35134119,6336318
39367323,6336318
3522570,6336318
42083879,6336318
34530352,6369930
40824788,6383823
23266785,6436840
44011948,6500143
34192527,7517053
41692918,7548803
42613887,7627527
34129838,7628120
29267358,9320192
42231272,9323166
43086942,9330845
37011542,9337819
40953006,10814941
33394310,12012866
39941479,12018743
40352563,12076128
35432892,12076128
42231274,12082602
42231273,12082602
42231275,12082602
42231278,12082601
44065883,13725516
42614281,13811096
44196243,15323776
41091022,9415857
41091022,15357490
33515012,15361738
42087881,15501955
42026320,15501955
43628470,15501955
42028093,15501955
42831082,15501955
38654935,15501955
40227621,15501955
42970194,15501955
40456581,15501955
40785431,15501955
38577937,15501955
39563434,15501955
43450105,15501955
39868708,15501955
41094440,15501955
40418868,15501955
40186081,15503233
41718846,16932731
42084581,16932731
7934557,98295359
7677928,18262873
32319513,18262873
26050411,18262873
7934482,18262873
40601519,18268645
39760880,18317106
42982246,11404155
34908870,11404160
40504459,12458893
38222469,12635956
40591372,14285356
40228866,14285356
40900786,14297449
42932245,15989146
42831082,15989146
31185862,16039461
42333436,17419182
34558188,17446539
38759543,17525842
38219481,19016788
43857205,431377
27419396,469312
40605235,485796
40377457,550982
8498094,554694
41652204,2815431
41345997,615990
37567596,2927547
38472820,2963323
34966536,2974695
40387779,5632830
9548426,7658463
42222101,7948251
40503817,12150279
34399758,12196068
33039099,13864668
40936293,13880253
42184116,13880253
39415361,13880253
39986215,13880253
40377585,13880253
42105645,13887130
40278978,13982762
40301416,13982762
33547553,13985412
43086942,13985412
7961146,14026133
42124667,15514780
42222086,15514780
41064784,15553144
38596273,15631939
43628470,18466843
42222090,18488364
40032634,18488062
43991677,18560700
33514968,18564071
32652579,18570893
43758659,18588806
43222813,18588806
39681656,18648792
40535004,13949
25016102,24745
27419396,24745
42198572,29118
9957992,41265
41818344,62138
41057625,68040
39777423,116105
42234709,116105
43448163,116105
42613887,143628
46329040,1655900
41716942,1701083
40278978,1727751
44505361,1727751
41012222,1727751
42231278,1727751
32092827,1776161
34966536,3192009
24123051,3360141
34559138,4697526
38283286,4833670
41203501,4833670
44142077,4833670
41010297,4833670
43428648,4837091
36615418,4852752
7704364,6422742
7662857,6422742
7632792,6422742
44520504,6424972
41255193,6459704
42224503,7484518
7695161,7548802
33427410,9296548
11458889,10717365
38337032,10722213
41064784,10724453
23266785,11963992
34676769,12024036
42356263,12078622
42984058,12082600
37311884,12082600
38366946,13581253
44143115,13667605
34975926,15347547
38515503,15367722
40591902,15260842
42461443,15506290
43991677,16719352
39431463,16771879
44082210,16771879
40042779,16771879
34112651,18239658
34385055,18239658
35458772,18239658
7641891,18262873
7836808,98295353
26053718,18262873
7913058,18262873
7641030,18262873
42173280,18268305
42195532,18273132
39230438,18333034
32962699,13856284
35344643,13880253
35727139,13880253
7961146,14026144
40518527,14027481
38995149,15597254
40352563,15606447
40774967,15606447
9953844,15668397
42562035,15673597
38514238,18631189
43756766,18644745
38807850,18597459
19910952,25218
43796282,29118
39943147,59378
41064784,59378
43969832,159189
40511198,159189
40019140,1641008
33394310,1655594
7695161,1655210
39428000,1691929
39591988,1691929
41401822,1691929
41008932,1701086
42269147,1746552
39865724,1746552
8089123,3184966
34961759,17287576
38460313,3218889
37011542,3218889
38001770,3244085
36653410,3277445
24123051,3360141
26055277,3337975
9548426,3343870
29267358,18683447
34962866,4766151
42124667,6399676
41066666,7445965
19685402,7535705
38283286,7551071
43755971,7523035
34959688,7645323
42613887,7645322
43927675,7645322
40493752,9353957
41610985,10675994
38337032,10722217
35789234,10815046
37011542,11969143
37714317,13600773
33039175,13694715
8160449,13724672
37481288,15268732
33417860,15371503
40765599,15434042
27659983,15493164
39865622,15493679
39156248,15493679
37672449,15493679
43448163,15499318
40565192,15501955
42184110,15506843
41529649,16775079
34530405,16818635
7673596,18262873
7924735,18262873
7677929,18262873
7679374,18262873
32319513,18262873
26050411,18262873
7677928,18262873
7675751,18262873
38752541,18272719
41198682,18299670
27532070,15268732
34315649,15268732
40795199,15268732
42633548,15268732
40031721,15268732
19189473,15268732
40074870,15268732
29267358,14505789
39530965,15492358
44476629,15493679
7637663,15499318
41020847,16719097
42396102,16719097
41129212,18233712
42668460,18239011
7673596,350390
42663923,18262873
26009137,18262873
7641584,18262873
7687374,18262873
33435955,18262873
33441310,18262873
7837740,18262873
7700862,18262873
39777488,18272719
38959662,18272720
35404798,18399286
35853942,18399286
41652204,17449263
41652204,17449265
41406959,19153445
33130859,433600
39496168,538670
37711833,2919380
34635435,5534597
32668617,5582280
39428000,5582280
33426916,5582280
39092242,5609892
43797857,7758621
38514238,10293544
40337402,10391394
38283286,10393857
36928409,10393857
33417860,10433914
36121303,12170924
34139873,12208515
44597066,12216519
36121303,12229043
39777488,12229043
40384198,12229043
42072828,12229043
38515805,12229043
40352709,12229043
38805602,12229043
39364044,12229043
41416405,12229043
42461443,12229043
40352651,12229043
43795199,12229043
40352726,12229043
32694867,12229043
40469814,12229043
39509845,12229043
38752541,12229043
38959662,12229043
42103018,12229043
38515461,12229043
39739517,12229043
34967793,12229043
35276530,12229043
38776817,12229043
34969837,12229043
39590878,12229043
38740163,12229043
40042779,12229043
39431463,12229043
37663118,12229043
39356556,12229043
38147611,12229043
38724397,12229043
42034544,12229043
38740123,12229043
42732855,12229043
40548680,12229043
42174587,12229043
41361319,12229043
35448152,12229043
40175879,12229043
42124481,13880251
35058795,13967307
35840322,13985412
39593610,13985412
7696033,13985412
42244507,13985412
38517025,14027481
29415152,15541655
41631967,15630830
42313308,15646657
43124655,15673100
11042197,15673330
40032634,15668396
44143116,16950532
44142077,16950532
42084581,16960960
8310280,16961520
42309940,16999303
41664598,17003069
32480341,17020602
41010297,17054207
19189473,17132193
43586700,17154783
28799101,15612106
28799102,15612106
32864376,15612106
32864375,15612106
28799100,15612106
29285673,15612106
37622008,15612106
40801603,29118
40591544,29118
43854229,29118
38895466,57699
41319049,80413
7637663,116105
31993101,1655901
41631967,1714082
43708926,1727751
42336320,1788404
37567596,3201738
42934525,3289594
42663923,3300832
38608871,3330256
26918424,3335653
41009191,3370736
40913342,3370736
41009143,3370736
38981831,3370736
42238705,4669179
43088071,4809636
39431463,4827386
40931868,4846611
39679299,4846611
41478713,4846611
42542714,6322247
42728864,6322247
42830750,6499449
34355502,7478794
33130859,7517047
32303311,7535705
32735561,7553607
38923515,9367368
35502293,9292195
44143104,9547377
41203501,9547377
44142077,9547377
25275303,11957618
27220727,11963990
8094193,11963990
43450105,11983161
43412211,11983161
44117631,12013524
36729332,12071999
39344637,12078613
40679038,12078627
35520062,12078627
38846951,12078627
42073949,12078627
39020544,12078627
40679039,12078627
44142075,13679649
39679299,13774510
39577326,13774510
40454662,13774510
39081588,13774510
41799468,15280795
38779043,14434130
42234709,15499316
39777423,15499318
38460983,15501955
44081267,16855493
29267358,16879958
42335014,18254860
7934557,18262873
7664328,18262873
7687149,18262873
7687372,18262873
7682248,18262873
7693714,18262873
26009545,18262873
7696580,18262873
42333436,18305484
40847170,18317106
41327653,18401582
40074599,349425
41718846,349425
43608613,359348
42119755,1848103
44142077,1848294
38813859,319032
36764595,1865809
41818344,3407218
41010423,3407218
34063455,3407218
42102376,3504124
41566767,3504124
7680654,3504130
40775156,3530261
35079345,3537115
44142077,3579629
37491216,3600409
38923515,4479588
29549829,6219477
42309940,6232071
42309913,6232071
41433796,6232071
39204124,7351339
33130859,9063110
42231271,9101313
39267901,9172522
40283433,9172738
42932245,9202068
42831082,9202068
39708012,10855257
39943147,10949266
37187106,10968517
29549829,10981216
44081267,10987604
42231270,12755487
40588239,12843539
39685195,16465389
35432892,16510328
41057625,16513053
7680654,18134421
43357025,18224424
3522570,18224515
41016447,18229038
43608629,1007094
42783193,1076142
29710348,1104635
25275303,1120420
32042844,1120420
28050863,1134338
42663923,1145944
38776817,1154626
42461443,1154626
33394310,1156195
41378886,2314946
44151371,2455461
29796368,4047248
42165358,4126680
27675811,4163447
37668336,4163855
39230438,5298408
44140840,5339055
39313563,5381840
29715422,5422800
43628470,6915478
41566520,6986807
42119742,7070049
38344885,7085182
40456581,8824610
42260319,8824610
33539078,9976272
40591544,10001876
43992133,10001876
43778525,10001876
42668460,10049703
42931934,10049703
42728864,10051472
43428648,10151779
42665802,11623197
43496601,11623197
36729332,11722608
32587986,11725880
31185862,14713993
41345997,14740264
42194246,14768187
42220847,14768187
43525114,14768187
7882388,14770730
26009718,14777958
39092242,14791184
42282582,14820396
40718043,17725103
42934525,17759337
38514238,17802112
43385733,17814760
27741484,17876850
38232891,612757
40972535,612757
43876520,614919
41608546,619731
43534248,625354
41011978,2059048
37669465,2085180
25522816,2085180
27741484,2117711
42315657,4012280
44624835,4013838
33394310,4042613
36764595,5075637
8089123,5120534
41797542,5161150
38522930,5164508
44063760,5200257
40469918,5200257
43385733,5200257
37560923,5200257
40535004,5200257
41667189,5200257
41011945,5200257
40786169,5200257
28050790,5200257
34521913,5200257
28050863,5200257
32735561,5200257
34203138,5200257
34103166,5200257
34192527,5200257
40278978,5200257
42992829,6690380
42222093,6711203
43898588,6673591
27093569,4209666
40654494,6847282
41819496,8291593
7648210,8303796
42145313,8417809
39106077,8424623
38740123,9778251
39530965,9788111
38962528,9795691
41152939,9863107
40228866,11453662
42562384,11479765
38198255,11503156
36869917,11503156
21894182,11537571
41799468,11537578
41227060,11579738
20414778,12945127
34961759,12945398
38517025,13014549
40518527,13014549
40972535,13024480
42231271,13072134
40283433,13072134
39530965,13070121
27393500,98798381
42222080,13081522
43992142,14858269
39685195,14965433
40954404,14965433
41128279,14970688
40030902,16289083
34859221,16315531
35787015,16423213
42120010,17906269
43125359,1236432
43221132,1236432
43356786,1363117
43758659,2545997
43222813,2545997
43857205,2663882
39708012,2662056
43608613,4325017
27659983,4455936
8104813,4455936
44063760,5916519
42289039,5916519
38006097,5917210
44777598,5978265
42316653,6005922
42553318,6026262
43499617,6045048
34178077,6085705
38517026,7129993
35708589,7149121
35539359,7150524
38859576,7192309
43605994,9024846
41198808,10161974
34746184,10162415
42313308,10165714
42222092,10194214
40901771,10216543
37481288,11857556
40521549,11941654
42562035,11944829
41259787,2001898
42338730,2001898
42937421,2001898
43501157,13594309
39314392,15198138
38667500,16682491
24123051,18221973
40601519,18221973
27659983,17531944
41066699,17593928
35708589,17647515
39262797,19231337
40032634,19231337
43597049,19335718
43411402,857354
34353430,946637
44307305,954113
42553318,965066
40090342,986325
8180897,3034701
41680515,3071902
44167744,3175966
40847880,3180048
38739430,5690014
38984200,5690014
38522930,5744335
41198808,5786059
42223610,5822381
43586700,5851654
44224261,5851654
39560848,8446689
31991262,99219017
31991262,8602746
40454662,11056307
39823810,11100845
44143122,12320048
40342257,14141968
40548247,14181520
40591544,14190983
43797857,14193344
39968842,15719607
38859576,15719607
38517025,15743792
40518527,15743792
40090342,15743792
39682249,15827309
41057625,15838422
43217718,15846122
42670315,15877795
35432892,17231915
41066590,18705378
41278891,18705378
41509748,18705378
43854229,18999745
42551688,1407002
38884885,1592975
37909986,3640784
42130469,3654560
41682710,3658053
42934525,4875402
42333353,4881369
39863777,4928165
39863777,4932516
42128630,4932516
27532070,4989152
19189473,4989152
34737118,4999284
37011542,6507361
44143144,6503110
44143128,6503110
43615292,6503110
41668274,6503110
40456174,6503110
40490415,6503110
41129212,6503110
37665466,6503110
42222080,6503110
35853075,6521227
42674929,6524023
35448152,6527814
38740163,6527814
41797542,6547270
33039175,6606958
41721228,6611523
32829013,10838341
35721676,6658668
38515503,6658668
39968842,6658668
38517026,6658668
34737118,6658668
43605994,6658668
33562574,6658668
18913892,6658668
38859576,6658668
42056602,6658668
29720179,6659143
43796282,7875197
34753150,8042363
42072828,8160224
38515805,8160224
40352709,8160224
40352713,8160224
37663118,8160224
38147611,8160224
42103018,8160224
42551688,8160224
40352726,8160224
40469814,8160224
34912417,9605461
41090374,9634788
34679397,11272317
33515012,11278874
33514968,11278874
37481288,11404160
40795198,11404160
44318287,11404160
41129733,12458892
40654494,12516085
39156248,12567336
37672449,12567336
37671968,12609806
43876520,14275802
42320324,14325355
44224261,14478833
43843077,15896823
42145313,15896841
40352563,15952775
39107009,15952793
42101840,15954703
42238705,15990988
44143120,17357291
41279553,10274132
42231268,19022411
34177692,19078578
37637522,19078578
43495159,18998937
42077869,407913
40535004,424931
42309639,433709
28050863,485796
43243047,2807460
41009191,2807461
41009143,2807461
34681755,2807461
41797542,5629826
38625329,7952125
34063455,10393853
43124083,10497365
40503817,12152546
43355993,12197421
42551688,12216346
21894182,12227458
40175880,12229043
42826314,13841511
38255293,13880253
39868676,13880253
40689521,13880253
40263300,13880253
40560639,13880253
41152939,13880253
38566895,13880253
40493752,13880253
35482128,13880253
35998481,13880253
43086942,13880253
40605235,13880253
42990126,13880253
34276543,13880253
39362977,13880253
37637522,13880253
38666822,13880253
35841849,13880253
35874460,13985412
37693506,14023210
44142076,14023210
39943147,14027400
43217949,1655210
41692918,1655210
39338983,1655210
42674929,1655210
42194246,1655210
42231270,15560282
41091022,15570694
41559457,15577510
41664598,17003046
42196455,17084242
42356263,29118
40278978,61280
34926988,61280
34958415,61280
29264853,61281
40493752,1617181
42194246,1763915
7692180,13665743
43220439,3288502
41327653,3300643
43357025,3323054
21907529,11272317
34276543,4697526
39362977,4697526
37637522,4697526
43305785,4788876
40384198,4827386
34908870,6282483
27532070,6282483
34315649,6282483
41721228,6282483
19189473,6282483
40074870,6282483
41318448,6282483
40031721,6282483
33417860,6323703
41429463,6336318
42083878,6336318
40765599,6383823
39719277,7415713
7961146,7416058
42223598,7517920
40352370,7628102
41091022,7375723
8092632,14595967
7697689,12008578
42260376,12044176
35079222,12078622
34959687,12076906
39364868,12076906
40801603,12077688
42073949,12077689
40801603,12078622
35929971,12078622
41203656,12082602
43086942,13629870
44142081,13682029
8157165,13774512
27393500,13796144
42542992,13823136
35005601,16858755
38577937,18239011
42987695,18254906
41066699,18254906
40283433,18254906
7934482,98295357
26053718,98295356
7913058,98295356
7641030,98295356
7641891,18262873
40377585,18329944
39230438,18333037
39760880,18334058
42316653,18401590
