citing_docdb_family_id,cited_docdb_family_id
7682117,3522570
7696219,3522570
7925269,3522570
8310280,3522570
27220727,3522570
29264853,3522570
32735561,3522570
33039099,3522570
34177692,3522570
34936138,3522570
34958415,3522570
35344643,3522570
36096722,3522570
38198255,3522570
38515503,3522570
38895466,3522570
40278978,3522570
40419027,3522570
42034544,3522570
42341746,3522570
42542714,3522570
33039099,7632792
34177692,7632792
34967793,7632792
34969837,7632792
35464091,7632792
36096722,7632792
37683696,7632792
39868676,7632792
40567848,7632792
43734403,7632792
43734564,7632792
7677928,7634034
28798968,7634034
31993101,7634034
32694867,7634034
33441310,7634034
34129838,7634034
34530405,7634034
34609975,7634034
34941028,7634034
35448152,7634034
35482128,7634034
35513109,7634034
35727139,7634034
35746213,7634034
35799306,7634034
35841849,7634034
36928256,7634034
36998545,7634034
37114539,7634034
37865899,7634034
38170014,7634034
38286555,7634034
38566895,7634034
38577937,7634034
38596273,7634034
39262797,7634034
39311312,7634034
39645219,7634034
39719400,7634034
40220839,7634034
40417886,7634034
40467344,7634034
40605235,7634034
40679036,7634034
40810593,7634034
40936293,7634034
41009904,7634034
41161329,7634034
41203501,7634034
41416405,7634034
41466370,7634034
42056602,7634034
42084581,7634034
42197712,7634034
42231268,7634034
42338730,7634034
7677928,7637663
7700862,7637663
32922153,7637663
34908870,7637663
34981372,7637663
35432892,7637663
35746213,7637663
35799306,7637663
36998545,7637663
38069075,7637663
39020544,7637663
39107009,7637663
39311311,7637663
39462164,7637663
40044115,7637663
40565192,7637663
40691046,7637663
40785550,7637663
40874086,7637663
42222090,7637663
42230233,7637663
36147049,7641030
36998545,7641030
40786860,7641030
41203501,7641030
42238705,7641030
45022290,7641030
7682248,7641584
7700862,7641584
26009137,7641584
33435955,7641584
34129838,7641584
34276543,7641584
34559138,7641584
36118097,7641584
36407933,7641584
37076124,7641584
38335543,7641584
38335742,7641584
39364868,7641584
39926154,7641584
40090342,7641584
40538868,7641584
40667156,7641584
41600742,7641584
42230232,7641584
42663923,7641584
43448268,7641584
43530378,7641584
43534248,7641584
44798101,7641584
7673596,7641891
34315649,7641891
34746184,7641891
35344643,7641891
38776817,7641891
43027651,7641891
43033465,7641891
34178077,7647085
34962866,7647085
40030902,7647085
41566520,7647085
42034544,7647085
42728864,7647085
7673596,7647633
31993101,7647633
37669295,7647633
39311312,7647633
39597613,7647633
39808738,7647633
40283433,7647633
42333353,7647633
43598138,7647633
7693714,7648210
34941101,7648210
36928256,7648210
36940041,7648210
36998545,7648210
38286555,7648210
38577937,7648210
38787027,7648210
39314392,7648210
40472130,7648210
41134545,7648210
41161329,7648210
41717370,7648210
42034524,7648210
42084581,7648210
43530378,7648210
43854229,7648210
29796368,7662857
38283286,7662857
19189473,7664328
34139873,7664328
34937742,7664328
34969837,7664328
35746213,7664328
37481438,7664328
38170014,7664328
40384198,7664328
43796282,7664328
27805233,7673596
33304930,7673596
34908870,7673596
34941028,7673596
34969837,7673596
35432892,7673596
36928256,7673596
38776817,7673596
39311312,7673596
40031721,7673596
40075573,7673596
40548680,7673596
41066610,7673596
42184116,7673596
43027651,7673596
44318287,7673596
39262797,7675751
40075574,7675751
42222093,7675751
42231268,7675751
42987695,7675751
7673596,7677928
34429593,7677928
34908870,7677928
34981372,7677928
35432892,7677928
35746213,7677928
35799306,7677928
37669295,7677928
39107009,7677928
39167923,7677928
39311312,7677928
39543051,7677928
39719400,7677928
40044115,7677928
40186081,7677928
40260118,7677928
40377585,7677928
40404268,7677928
40565192,7677928
40874086,7677928
41066590,7677928
41416405,7677928
42222090,7677928
43598138,7677928
33441310,7677929
34429593,7677929
38962000,7677929
39167923,7677929
41009904,7677929
42087881,7677929
23266785,7679374
34129838,7679374
37311884,7679374
38543649,7679374
38814486,7679374
39356556,7679374
39462164,7679374
39536770,7679374
39543051,7679374
39865390,7679374
40352370,7679374
42124481,7679374
42222080,7679374
42222081,7679374
42222082,7679374
42222959,7679374
42231271,7679374
42231272,7679374
43608613,7679374
44143117,7679374
45022290,7679374
34177692,7680654
34975926,7680654
7687149,7682117
43027651,7682117
7852685,7682248
26009137,7682248
34276543,7682248
35840322,7682248
39027518,7682248
34854339,7687149
40548680,7687149
43027651,7687149
43033465,7687149
32519827,7687372
33441310,7687372
35355814,7687372
35482128,7687372
35727139,7687372
35841849,7687372
39262797,7687372
39719400,7687372
39926153,7687372
40074870,7687372
40418868,7687372
40456174,7687372
41203501,7687372
41608546,7687372
43530378,7687372
44081267,7687372
28050863,7687374
40469814,7687374
34681755,7692180
35841849,7692180
38134496,7692180
38625329,7692180
39868708,7692180
40387899,7692180
40456581,7692180
42166017,7692180
43608895,7692180
44708737,7692180
31185862,7693714
32910021,7693714
33550481,7693714
35355814,7693714
35840322,7693714
35841849,7693714
36147049,7693714
36928256,7693714
38566895,7693714
39865390,7693714
43217949,7693714
44143115,7693714
44167744,7693714
38162135,7695161
7696580,7696033
33039175,7696033
34259111,7696033
34854339,7696033
34926988,7696033
34936138,7696033
34957948,7696033
34959688,7696033
35276530,7696033
36869917,7696033
36933610,7696033
38015549,7696033
38459383,7696033
38470837,7696033
38515461,7696033
38517025,7696033
38805602,7696033
38814486,7696033
38996209,7696033
40518527,7696033
40621357,7696033
40753500,7696033
41318448,7696033
42222974,7696033
42286472,7696033
42341746,7696033
44143113,7696033
33039099,7696219
34259111,7696219
34959688,7696219
34962866,7696219
34966536,7696219
34967793,7696219
34969837,7696219
35134119,7696219
35276530,7696219
39311311,7696219
39868676,7696219
40030902,7696219
40265972,7696219
40467344,7696219
40936293,7696219
42234709,7696219
42289680,7696219
42356263,7696219
44307305,7696219
44597066,7696219
32864375,7696580
33039175,7696580
34936138,7696580
35276530,7696580
35809593,7696580
36869917,7696580
36933610,7696580
38015549,7696580
38996209,7696580
44366931,7696580
32865083,7700862
33435955,7700862
34635435,7700862
34681755,7700862
35840322,7700862
35998481,7700862
36118067,7700862
36118097,7700862
36764595,7700862
37637522,7700862
37734774,7700862
38335543,7700862
38566895,7700862
38740123,7700862
38740163,7700862
39032120,7700862
39364868,7700862
39739517,7700862
39868708,7700862
39926154,7700862
40175879,7700862
40456345,7700862
40795198,7700862
40847170,7700862
41466370,7700862
41566767,7700862
41682710,7700862
41818344,7700862
42056602,7700862
42102376,7700862
42174587,7700862
42315657,7700862
43448268,7700862
43854229,7700862
44798101,7700862
28050789,7704364
28050790,7704364
33394310,7704364
40298698,7704364
42282582,7704364
43588696,7710172
7637663,7836808
7641030,7836808
7647633,7836808
7664328,7836808
7679374,7836808
7696219,7836808
7924735,7836808
8157165,7836808
31993101,7836808
32694867,7836808
32771011,7836808
32910021,7836808
33426916,7836808
33441310,7836808
34103166,7836808
34315649,7836808
34908870,7836808
34961759,7836808
34969837,7836808
35276530,7836808
35432892,7836808
35929971,7836808
36928256,7836808
36940041,7836808
37027500,7836808
37114539,7836808
37669295,7836808
38222676,7836808
38519700,7836808
38596273,7836808
39020544,7836808
39081588,7836808
39401353,7836808
39597613,7836808
40379631,7836808
40591544,7836808
40850776,7836808
42059741,7836808
42987695,7836808
43304664,7836808
43448163,7836808
37649471,7837740
38805602,7837740
7641584,7852685
7664328,7852685
7682248,7852685
7700862,7852685
26009137,7852685
32708399,7852685
32865083,7852685
33435955,7852685
34276543,7852685
34559138,7852685
34679397,7852685
34681755,7852685
35721676,7852685
37076124,7852685
37873336,7852685
38335742,7852685
38566895,7852685
39855033,7852685
40075574,7852685
40090342,7852685
40795198,7852685
40847170,7852685
43530378,7852685
7637663,7882388
7664328,7882388
7675751,7882388
7680654,7882388
7682248,7882388
7687372,7882388
7692180,7882388
29413788,7882388
32519827,7882388
33441310,7882388
34063455,7882388
35355814,7882388
36998545,7882388
37663118,7882388
38522930,7882388
38566895,7882388
39926153,7882388
40456345,7882388
42551688,7882388
42987695,7882388
32694867,7913058
33304930,7913058
39708012,7913058
7675751,7924735
7679374,7924735
38814486,7924735
39462164,7924735
39717819,7924735
39865724,7924735
40775156,7924735
42222959,7924735
42231271,7924735
44143117,7924735
45022290,7924735
7695161,7925269
7710172,7925269
34926988,7925269
36096722,7925269
37885832,7925269
38814477,7925269
41412291,7925269
41692918,7925269
42145313,7925269
42935828,7925269
42982246,7925269
43382370,7925269
44066979,7925269
44307305,7925269
28799100,7934482
28799101,7934482
28799102,7934482
29285673,7934482
29796368,7934482
31984389,7934482
41416439,7934482
43355993,7934482
37310392,7934557
41668280,7934557
34961759,7961146
36940041,7961146
38998346,7961146
7637663,8089123
7673596,8089123
7677928,8089123
7679374,8089123
7924735,8089123
32922153,8089123
33441310,8089123
34908870,8089123
34941028,8089123
35432892,8089123
35809647,8089123
36764595,8089123
38069075,8089123
38846951,8089123
39020544,8089123
39311311,8089123
39492648,8089123
39645840,8089123
40186081,8089123
40591902,8089123
41010469,8089123
41664021,8089123
7637663,8092632
7647633,8092632
7648210,8092632
7673596,8092632
7675751,8092632
7687372,8092632
7693714,8092632
9953844,8092632
25016102,8092632
27659983,8092632
32694867,8092632
32829013,8092632
32910021,8092632
33304930,8092632
33441310,8092632
34941101,8092632
35355814,8092632
36928256,8092632
36998545,8092632
37663118,8092632
38625329,8092632
38761231,8092632
38778155,8092632
39092242,8092632
39682249,8092632
39926152,8092632
39926154,8092632
40044086,8092632
40380151,8092632
40567848,8092632
40637575,8092632
40810593,8092632
41057625,8092632
41161329,8092632
41460120,8092632
41716934,8092632
41716942,8092632
42034524,8092632
42222960,8092632
42309913,8092632
42560068,8092632
42674929,8092632
43902831,8092632
8160449,8096781
34941028,8096781
35513109,8096781
40601519,8096781
7675751,8097738
8159753,8097738
38654935,8097738
7682248,8104813
7692180,8104813
32708399,8104813
35721676,8104813
38517025,8104813
40518527,8104813
43608895,8104813
7664328,8157165
7673596,8157165
21907529,8157165
27532070,8157165
28798968,8157165
29583721,8157165
31993101,8157165
32519827,8157165
32771011,8157165
32771043,8157165
32910021,8157165
33130859,8157165
33441310,8157165
33550481,8157165
34103166,8157165
34778141,8157165
34859221,8157165
34908870,8157165
34941028,8157165
34941101,8157165
34970368,8157165
35079222,8157165
35134119,8157165
35355814,8157165
35455150,8157165
35513109,8157165
36998545,8157165
37027500,8157165
37669295,8157165
37854337,8157165
38198827,8157165
38460983,8157165
38566895,8157165
38596273,8157165
38884885,8157165
38962528,8157165
38998346,8157165
39027518,8157165
39263105,8157165
39276257,8157165
39311312,8157165
39682249,8157165
39739517,8157165
39926152,8157165
39926153,8157165
39926154,8157165
40260119,8157165
40278632,8157165
40379631,8157165
40387899,8157165
40456174,8157165
40472130,8157165
40588239,8157165
40679036,8157165
40786860,8157165
40874086,8157165
41066666,8157165
41466370,8157165
42222093,8157165
42231272,8157165
42244700,8157165
42338730,8157165
42668460,8157165
42674929,8157165
42734802,8157165
42987695,8157165
43298229,8157165
43304664,8157165
44143815,8157165
7687372,8159301
33441310,8159301
38170014,8159301
39027518,8159301
39262797,8159301
39682249,8159301
40418868,8159301
40472130,8159301
41279553,8159301
42222093,8159301
44143814,8159301
34353430,8159753
40801603,8159753
41009191,8159753
41066666,8159753
7682117,8171034
28798968,8171034
34936138,8171034
34941101,8171034
35134119,8171034
38118934,8171034
38814477,8171034
38983706,8171034
40074827,8171034
42222092,8171034
44143113,8171034
28050863,8180897
34962866,8180897
40030902,8180897
44065883,8496468
35799306,8498094
37714317,8498094
38219481,8498094
43410512,8498094
43597049,8498094
7682117,9548426
8180897,9548426
29796368,9548426
33304930,9953844
35355814,9953844
35482128,9953844
35746213,9953844
35799306,9953844
35929971,9953844
36928256,9953844
38778155,9953844
39092242,9953844
40044086,9953844
40076132,9953844
40377457,9953844
40637575,9953844
40810593,9953844
41008932,9953844
41057625,9953844
41162692,9953844
41460120,9953844
41716934,9953844
41716942,9953844
42034524,9953844
42222960,9953844
42674929,9953844
43217949,9953844
43302378,9953844
41797542,11042197
42222101,11042197
7641891,18913892
7687149,18913892
26050411,18913892
34966536,18913892
38517024,18913892
38522930,18913892
32321662,19156703
34975926,19156703
42222959,19156703
42730072,19156703
43357025,19156703
7687149,19189473
34650813,19189473
34908870,19189473
34937742,19189473
34969837,19189473
36096722,19189473
36147049,19189473
37304041,19189473
37311884,19189473
37481438,19189473
38515503,19189473
39146855,19189473
39311312,19189473
39645840,19189473
39673853,19189473
39777423,19189473
39808736,19189473
40074870,19189473
40472130,19189473
40679038,19189473
40679039,19189473
41012222,19189473
41066699,19189473
41091022,19189473
41094440,19189473
41412308,19189473
42222086,19189473
42222088,19189473
42222091,19189473
42222101,19189473
42333436,19189473
43027651,19189473
43597049,19189473
43796282,19189473
44141427,19189473
44143115,19189473
44355105,19189473
44777598,19189473
7682248,19910952
7700862,19910952
32735561,19910952
34530352,19910952
35721676,19910952
35998481,19910952
36118097,19910952
40795198,19910952
42732855,19910952
32865083,20279517
38337032,20414778
37114539,21780855
37441907,21780855
37693506,21780855
38515503,21780855
42222078,21780855
42670647,21780855
34941101,21894182
38459383,21894182
40362369,21894182
7696219,21907529
27532070,21907529
28798968,21907529
29583721,21907529
29731844,21907529
33186211,21907529
33562780,21907529
34192527,21907529
34908870,21907529
35746213,21907529
35799306,21907529
36998545,21907529
38657257,21907529
38981831,21907529
39682249,21907529
40605235,21907529
40913342,21907529
41009143,21907529
41009191,21907529
41198682,21907529
42222086,21907529
42266386,21907529
42555744,21907529
42830750,21907529
34521913,23266785
38543649,23266785
38761231,23266785
38814486,23266785
39536770,23266785
39986215,23266785
40352370,23266785
41198682,23266785
42056602,23266785
42222085,23266785
42222959,23266785
42223651,23266785
7710172,24123051
19189473,24123051
27093569,24123051
27532070,24123051
32910021,24123051
33130859,24123051
33186211,24123051
34315649,24123051
34908870,24123051
34937742,24123051
34941028,24123051
34941101,24123051
36998545,24123051
37481438,24123051
38051815,24123051
38895466,24123051
39020544,24123051
39865622,24123051
40075573,24123051
40601519,24123051
41162714,24123051
42222101,24123051
42234709,24123051
42665802,24123051
35513109,24942667
7634034,25016102
7641584,25016102
7682248,25016102
7700862,25016102
18913892,25016102
23266785,25016102
26009137,25016102
27659983,25016102
34194910,25016102
34681755,25016102
34737118,25016102
34959688,25016102
35840322,25016102
38761231,25016102
38875816,25016102
40666742,25016102
40795198,25016102
41134545,25016102
41818344,25016102
44475866,25016102
35514093,25050770
43501157,25050770
43854229,25050770
27093569,25275303
32042844,25275303
32962699,25275303
38001770,25275303
38118934,25275303
40626084,25275303
40898448,25275303
41066666,25275303
42934525,25275303
44142077,25275303
7637663,25522816
28798968,25522816
34681755,25522816
35721676,25522816
36998545,25522816
37669465,25522816
37693506,25522816
38309665,25522816
38522930,25522816
39462164,25522816
40278632,25522816
40607009,25522816
42222093,25522816
42231268,25522816
42987695,25522816
7682248,26009137
7700862,26009137
7852685,26009137
36869906,26009137
37637522,26009137
39590397,26009137
40090342,26009137
40679038,26009137
41818344,26009137
41819496,26009137
43530378,26009137
7673596,26050411
7687149,26050411
34139873,26050411
34966536,26050411
42128630,26050411
43027651,26050411
36998545,26053718
38566895,26053718
39462164,26053718
40075573,26053718
42073949,26053718
42222080,26053718
42222081,26053718
42222082,26053718
42231271,26053718
42238705,26053718
44143117,26055277
33435055,26916487
33441310,26918424
35727139,26918424
36782307,26918424
7637663,27093569
7641891,27093569
7687149,27093569
7852685,27093569
18913892,27093569
27659983,27093569
29583721,27093569
32519827,27093569
32708399,27093569
32865083,27093569
33435055,27093569
34063455,27093569
34681755,27093569
34737118,27093569
34941101,27093569
34957948,27093569
35514092,27093569
35721676,27093569
36782307,27093569
36998545,27093569
37441907,27093569
37693506,27093569
38134496,27093569
38261594,27093569
38283286,27093569
38309665,27093569
38517025,27093569
38577937,27093569
38608871,27093569
38625329,27093569
38776817,27093569
38778155,27093569
38935921,27093569
39027518,27093569
39092242,27093569
39682249,27093569
39855033,27093569
39865622,27093569
40175880,27093569
40456581,27093569
40469814,27093569
40518527,27093569
40538868,27093569
40567848,27093569
40679038,27093569
40765599,27093569
41012222,27093569
41136950,27093569
41279553,27093569
41818344,27093569
42222080,27093569
42222089,27093569
42222092,27093569
42222093,27093569
42223598,27093569
42231268,27093569
42260319,27093569
42932245,27093569
42987695,27093569
43530378,27093569
44143116,27093569
44353095,27093569
8094193,27220727
29264853,27220727
34941101,27220727
34958415,27220727
35787015,27220727
38895466,27220727
38984200,27220727
40042769,27220727
42222078,27220727
42222092,27220727
23266785,27393500
25016102,27393500
32694867,27393500
33417860,27393500
34194910,27393500
34521913,27393500
34530405,27393500
35452679,27393500
36118097,27393500
37734774,27393500
38543649,27393500
38566895,27393500
38740163,27393500
38814486,27393500
39167923,27393500
39304522,27393500
39494479,27393500
39767154,27393500
40032691,27393500
40175879,27393500
40263300,27393500
40352370,27393500
40667156,27393500
40900786,27393500
41566767,27393500
42056602,27393500
42222085,27393500
42222959,27393500
42223547,27393500
42223598,27393500
42223602,27393500
43125359,27393500
43836825,27393500
43992121,27393500
44475866,27393500
29731844,27532070
34192527,27532070
34276543,27532070
34908870,27532070
35058795,27532070
35799306,27532070
37304041,27532070
37885832,27532070
39463899,27532070
39808736,27532070
40074870,27532070
40456174,27532070
41009143,27532070
41009191,27532070
41664598,27532070
42145313,27532070
42222101,27532070
42266386,27532070
42555744,27532070
42562035,27532070
42678403,27532070
43411758,27532070
44307305,27532070
34530405,27598276
38006097,27598276
39367323,27598276
39930325,27598276
41345997,27598276
7641891,27659983
7852685,27659983
27093569,27659983
32519827,27659983
32708399,27659983
32865083,27659983
33435055,27659983
34177692,27659983
34737118,27659983
34941101,27659983
34959687,27659983
35079222,27659983
35721676,27659983
36407933,27659983
37441907,27659983
37482521,27659983
37693506,27659983
37873336,27659983
38015725,27659983
38051815,27659983
38197650,27659983
38515805,27659983
38517024,27659983
38517025,27659983
38519700,27659983
38522930,27659983
38608871,27659983
38625329,27659983
38666822,27659983
38778155,27659983
38935921,27659983
39027518,27659983
39530965,27659983
39682249,27659983
39865724,27659983
40032634,27659983
40469814,27659983
40518527,27659983
40679038,27659983
40689521,27659983
40847170,27659983
40954403,27659983
41010297,27659983
41012222,27659983
41066699,27659983
41112648,27659983
41314521,27659983
41818344,27659983
41819496,27659983
42056602,27659983
42106341,27659983
42269147,27659983
42633548,27659983
44224261,27659983
32321662,27675811
34959688,27675811
39777423,27675811
41567276,27675811
37622008,27741484
37885832,27741484
38051815,27741484
38895466,27741484
40130335,27741484
40639967,27741484
41009191,27741484
41010297,27741484
41664598,27741484
42196455,27741484
42224566,27741484
38261594,27805233
39107009,27805233
39685195,27805233
40135722,27805233
40666742,27805233
42665802,27805233
42980418,27805233
42980419,27805233
42981100,27805233
43779451,27805233
41227060,28050789
42613887,28050789
44257962,28050789
34958415,28050790
34962866,28050790
39509845,28050790
42613887,28050790
43302976,28050790
34962866,28050863
32771011,28798968
34941028,28798968
37027500,28798968
37865899,28798968
38198827,28798968
38884885,28798968
38998346,28798968
39311312,28798968
39591794,28798968
39865724,28798968
40504459,28798968
40591965,28798968
41064642,28798968
41066699,28798968
41161329,28798968
41319049,28798968
42124667,28798968
42231270,28798968
42313308,28798968
42338730,28798968
44142077,28798968
37622008,28799100
32864376,28799101
7632792,29264853
34926988,29264853
34958415,29264853
34966859,29264853
36096722,29264853
38198255,29264853
40042769,29264853
42222974,29264853
42341746,29264853
44065883,29265837
44142084,29265837
44366931,29265837
44798101,29267358
34676769,29271595
34967793,29271595
35513109,29271595
38967797,29413788
42979413,29415152
34967793,29549829
38006097,29549829
39930325,29549829
27532070,29583721
29731844,29583721
32303311,29583721
35799306,29583721
38470837,29583721
38981831,29583721
40913342,29583721
41009143,29583721
41009191,29583721
41066666,29583721
42196452,29583721
42222086,29583721
42266386,29583721
42336320,29583721
42934525,29583721
42981099,29583721
37187106,29710348
40621357,29710348
42196455,29710348
42231278,29710348
42980418,29710348
42980419,29710348
42981100,29710348
43588695,29710348
43588696,29710348
23266785,29715422
32865083,29715422
33435955,29715422
34276543,29715422
34635435,29715422
34681755,29715422
34737118,29715422
35998481,29715422
37441907,29715422
39577397,29715422
41467148,29715422
41818344,29715422
41412291,29719109
40913342,29720179
27532070,29731844
29583721,29731844
33186211,29731844
34941028,29731844
35513109,29731844
41009191,29731844
42196452,29731844
42222966,29731844
42231273,29731844
42231274,29731844
42231275,29731844
42266386,29731844
44143131,29731844
35134119,29796368
43734564,29796368
34399758,30010680
34958415,30010680
34962866,30010680
38162135,30010680
38565885,30010680
38724397,30010680
43495159,30010680
33550481,31185862
39926152,31185862
38470837,31187021
40278978,31187021
41416439,31984389
39560848,31991262
34315649,31993101
34908870,31993101
35455150,31993101
36928409,31993101
37402106,31993101
38198827,31993101
39276257,31993101
39311312,31993101
39808738,31993101
40260119,31993101
40602351,31993101
41319049,31993101
42026320,31993101
42087881,31993101
42119742,31993101
42197712,31993101
42222090,31993101
42244700,31993101
42313308,31993101
42338730,31993101
43853267,31993101
44142077,31993101
44143815,31993101
7682248,32042844
26009137,32042844
32910021,32042844
33426916,32042844
34941101,32042844
34970368,32042844
37669295,32042844
38001770,32042844
38118934,32042844
39679299,32042844
39823810,32042844
40454662,32042844
40456174,32042844
40591544,32042844
42224597,32042844
44142077,32042844
38219481,32092555
39591794,32092555
42222101,32092555
37649471,32303311
42230231,32303311
44143128,32303311
37482521,32319513
38814486,32319513
35482128,32321662
38515805,32321662
40352709,32321662
41152939,32321662
41722748,32321662
42741564,32321662
43222813,32321662
43305784,32321662
44366930,32321662
35355814,32519827
37663118,32519827
42222080,32519827
42222081,32519827
42222082,32519827
27532070,32587986
29583721,32587986
29731844,32587986
34192527,32587986
39146855,32587986
40316337,32587986
40902782,32587986
41009191,32587986
41572690,32587986
42266386,32587986
42934525,32587986
44142077,32587986
35840322,32668617
38967797,32668617
40526746,32668617
41203501,32668617
41509748,32668617
34530405,32694867
39767154,32694867
40560639,32694867
41572383,32694867
42124481,32694867
35721676,32708399
37873336,32708399
38335742,32708399
39262797,32708399
39855033,32708399
39926154,32708399
7682248,32735561
26009137,32735561
34177692,32735561
34276543,32735561
34679397,32735561
34681755,32735561
36407933,32735561
37441907,32735561
37683696,32735561
38015725,32735561
38134496,32735561
38309665,32735561
38515503,32735561
38517025,32735561
38895466,32735561
38935921,32735561
39027518,32735561
39968842,32735561
40518527,32735561
40666742,32735561
41258359,32735561
41799468,32735561
42222092,32735561
42320324,32735561
42633548,32735561
43586700,32735561
43608629,32735561
43836825,32735561
19189473,32771011
34315649,32771011
34429593,32771011
34908870,32771011
35809647,32771011
36758626,32771011
37311884,32771011
38283286,32771011
38460983,32771011
38596273,32771011
38895466,32771011
39081588,32771011
39865724,32771011
40186081,32771011
40387779,32771011
40850776,32771011
41064642,32771011
42124667,32771011
42222970,32771011
43876520,32771011
44142068,32771011
44142077,32771011
34139873,32771043
34908870,32771043
34966536,32771043
35432892,32771043
36758626,32771043
37304041,32771043
38001770,32771043
38118934,32771043
38895466,32771043
39719277,32771043
39808736,32771043
40567848,32771043
33304930,32829013
34969837,32829013
36916479,32829013
36928409,32829013
37491216,32829013
38069075,32829013
38778155,32829013
38875816,32829013
38935921,32829013
38998346,32829013
39311311,32829013
39863777,32829013
40795198,32829013
41161329,32829013
42056602,32829013
42128630,32829013
42222960,32829013
43605994,32829013
43607257,32829013
32708399,32865083
34679397,32865083
37683696,32865083
38309665,32865083
38859576,32865083
38875816,32865083
40666742,32865083
35079222,32910021
35134119,32910021
35708589,32910021
35746213,32910021
35799306,32910021
36998545,32910021
37304041,32910021
38596273,32910021
38608871,32910021
38654935,32910021
38694113,32910021
39492648,32910021
39808736,32910021
39865724,32910021
40044086,32910021
40076132,32910021
40260119,32910021
40379631,32910021
40456174,32910021
40637575,32910021
40786860,32910021
41066666,32910021
41090374,32910021
41129212,32910021
41161329,32910021
41460120,32910021
42224597,32910021
42231270,32910021
42562976,32910021
42674929,32910021
43304664,32910021
44858388,32910021
38069075,32922153
39926154,32922153
40265972,32922153
40472130,32922153
40691046,32922153
41010469,32922153
41259787,32922153
34969837,32962699
40316337,32962699
41011978,32962699
42056602,32962699
36869906,33039099
39645840,33039099
35502293,33039175
36869917,33039175
38459383,33039175
44196243,33039175
32519827,33130859
34778141,33130859
34908870,33130859
35455150,33130859
35721676,33130859
36998545,33130859
37074201,33130859
37304041,33130859
38261594,33130859
38519700,33130859
38998346,33130859
39428000,33130859
39462164,33130859
39808736,33130859
40042779,33130859
40074870,33130859
40278632,33130859
41009191,33130859
41066666,33130859
41319049,33130859
42059741,33130859
42222966,33130859
42231271,33130859
42231273,33130859
42231274,33130859
42231275,33130859
42289039,33130859
42562035,33130859
44142077,33130859
44143815,33130859
41009191,33186211
34676769,33300065
34966859,33300065
36998545,33300065
42560068,33300065
42980418,33300065
42980419,33300065
42981100,33300065
43220439,33300065
39708012,33304930
38724397,33394310
39509845,33394310
39926154,33394310
40298698,33394310
40607009,33394310
41227060,33394310
41800810,33394310
23266785,33417860
34521913,33417860
38543649,33417860
38761231,33417860
38814486,33417860
39304522,33417860
39494479,33417860
39767154,33417860
39926153,33417860
40175880,33417860
40352370,33417860
42223547,33417860
42223598,33417860
42223651,33417860
42231272,33417860
42811314,33417860
42992829,33417860
43836825,33417860
44142074,33417860
32910021,33426916
35520062,33426916
35929971,33426916
39020544,33426916
39823810,33426916
40032812,33426916
40454662,33426916
40591544,33426916
40792049,33426916
40801603,33426916
41066666,33426916
42060164,33426916
42167470,33426916
42224597,33426916
43124655,33426916
34276543,33435055
34681755,33435055
35721676,33435055
37683696,33435055
38517025,33435055
38935921,33435055
39027518,33435055
39855033,33435055
40518527,33435055
40954403,33435055
42222089,33435055
42222093,33435055
43530378,33435055
43586700,33435055
44142076,33435055
44224261,33435055
35840322,33435955
36869906,33435955
38566895,33435955
38740123,33435955
39142757,33435955
40175879,33435955
42056602,33435955
42633442,33435955
43759729,33435955
35727139,33441310
35841849,33441310
36928256,33441310
36940041,33441310
37114539,33441310
38669878,33441310
38779043,33441310
39263105,33441310
39313563,33441310
39314392,33441310
39719400,33441310
40175880,33441310
41203501,33441310
41509748,33441310
42040440,33441310
43386192,33441310
44143814,33441310
34975926,33514968
43836825,33514968
34962866,33547553
38814486,33547553
41011978,33547553
43598138,33547553
43608613,33547553
44366930,33547553
19189473,33550055
34650813,33550055
36998545,33550055
38998346,33550055
39263105,33550055
39673853,33550055
40135722,33550055
40278951,33550055
40291167,33550055
39868708,33550481
32708399,33562574
35721676,33562574
38517024,33562574
38522930,33562574
38859576,33562574
39431463,33562574
42194246,33562574
38981831,33562780
42196452,33562780
42826314,33562780
27093569,34063455
34737118,34063455
34959687,34063455
37693506,34063455
37873336,34063455
38197650,34063455
38752541,34063455
40074599,34063455
40289430,34063455
40668462,34063455
40795202,34063455
40900786,34063455
41818344,34063455
42222084,34063455
44142074,34063455
34139873,34103166
34908870,34103166
37441907,34103166
38222676,34103166
38283286,34103166
38460983,34103166
38596273,34103166
38895466,34103166
39081588,34103166
40387899,34103166
40588239,34103166
41064642,34103166
42124667,34103166
42222974,34103166
44142068,34103166
44142077,34103166
41162714,34112651
7682248,34129838
26009137,34129838
32321662,34129838
34276543,34129838
37683696,34129838
38459040,34129838
38517025,34129838
38566895,34129838
38935921,34129838
38967797,34129838
39027518,34129838
39364868,34129838
39717819,34129838
39968842,34129838
40032634,34129838
40352713,34129838
40456581,34129838
40518527,34129838
41012222,34129838
42040440,34129838
42106341,34129838
43297394,34129838
43530378,34129838
42225458,34139873
42542693,34139873
43243047,34139873
44142081,34139873
44777598,34139873
7682248,34177692
26009137,34177692
35404798,34177692
36407933,34177692
37441907,34177692
37683696,34177692
38515461,34177692
38895466,34177692
39106077,34177692
39943147,34177692
40042769,34177692
40278978,34177692
40679038,34177692
41112648,34177692
42222092,34177692
43843077,34177692
42338723,34178077
42461443,34178077
38981831,34192527
40913342,34192527
37637522,34194910
37734774,34194910
38543649,34194910
38814486,34194910
39719277,34194910
39986215,34194910
40263300,34194910
40352370,34194910
41566767,34194910
42056602,34194910
43262612,34194910
43530378,34194910
38459383,34203138
41669380,34203138
42932245,34203138
44307305,34203138
34139873,34259111
34959688,34259111
37114539,34259111
39597613,34259111
39951447,34259111
40567848,34259111
40591372,34259111
40753500,34259111
41406959,34259111
41608546,34259111
42222092,34259111
42230232,34259111
42341746,34259111
43027651,34259111
43628472,34259111
35721676,34276543
37873336,34276543
38335543,34276543
38335742,34276543
38459040,34276543
38515805,34276543
39027518,34276543
39364868,34276543
39682249,34276543
39739517,34276543
39926154,34276543
40090342,34276543
40175879,34276543
41020847,34276543
41064784,34276543
41600742,34276543
42056602,34276543
42198572,34276543
42222080,34276543
42222081,34276543
42222082,34276543
42222084,34276543
42663923,34276543
43448268,34276543
43530378,34276543
34908870,34315649
36998545,34315649
37865899,34315649
38069075,34315649
38460983,34315649
38517025,34315649
38608871,34315649
38654935,34315649
38694113,34315649
38935921,34315649
38962528,34315649
39027518,34315649
39081588,34315649
39808736,34315649
40042779,34315649
40075573,34315649
40387899,34315649
40518527,34315649
40567848,34315649
41707341,34315649
42829506,34315649
42987695,34315649
44353095,34315649
36758626,34353399
39156541,34353399
39415361,34353399
40352709,34353399
35929971,34353430
38654935,34353430
39679299,34353430
39823810,34353430
40454662,34353430
37714317,34355502
41707599,34355502
42222101,34355502
40260118,34385055
40874086,34385055
41361319,34385055
41478713,34385055
42032723,34385055
42356263,34385055
38162135,34399758
40419027,34399758
43003465,34399758
44624981,34399758
38543649,34429593
40186081,34429593
40380151,34429593
41090371,34429593
41259787,34429593
42811314,34429593
43836825,34429593
43992121,34429593
44142074,34429593
44143117,34429593
23266785,34521913
36764595,34521913
38543649,34521913
38566895,34521913
38814486,34521913
39304522,34521913
39767154,34521913
40352370,34521913
40493752,34521913
40667156,34521913
41090371,34521913
41198682,34521913
42222101,34521913
42222959,34521913
42223547,34521913
42223602,34521913
42223651,34521913
42811314,34521913
43836825,34521913
43992121,34521913
43530378,34530352
35134119,34530405
35355814,34530405
36998545,34530405
37571844,34530405
37865899,34530405
38006097,34530405
38134496,34530405
38959662,34530405
39356556,34530405
39364044,34530405
39767154,34530405
40469814,34530405
42083880,34530405
42222081,34530405
43495159,34530405
43499617,34530405
42083880,34558188
42222089,34558188
43386853,34558188
42663923,34559138
38219481,34635435
36998545,34650813
38998346,34650813
39263105,34650813
40074870,34650813
40135722,34650813
40278951,34650813
41094440,34650813
40548680,34672716
43027651,34672716
36998545,34676769
38003906,34676769
40032691,34676769
42105645,34676769
42222086,34676769
32708399,34679397
32865083,34679397
32922153,34679397
34681755,34679397
34737118,34679397
34959688,34679397
35134119,34679397
35513109,34679397
35721676,34679397
36407933,34679397
36916479,34679397
36998545,34679397
37482521,34679397
37571844,34679397
37669465,34679397
38069075,34679397
38134496,34679397
38517024,34679397
38517025,34679397
38522930,34679397
38625329,34679397
38778155,34679397
38935921,34679397
39868676,34679397
39926154,34679397
40135722,34679397
40456581,34679397
40518527,34679397
40679038,34679397
40785431,34679397
41009143,34679397
41279553,34679397
42056602,34679397
42084581,34679397
42166017,34679397
42174574,34679397
42222962,34679397
42633548,34679397
43530378,34679397
7682248,34681755
7700862,34681755
26009137,34681755
34276543,34681755
37711833,34681755
37873336,34681755
38134496,34681755
38335742,34681755
38459040,34681755
38517025,34681755
38935921,34681755
39027518,34681755
40456581,34681755
40470831,34681755
40518527,34681755
40666742,34681755
40718543,34681755
41016447,34681755
42056602,34681755
42106341,34681755
42320324,34681755
43608629,34681755
7852685,34737118
32708399,34737118
34681755,34737118
34908870,34737118
36758626,34737118
38522930,34737118
41467148,34737118
41818344,34737118
42222084,34737118
43379853,34737118
37311884,34746184
39267901,34746184
39344637,34746184
39852174,34746184
41416439,34746184
42542693,34746184
43088071,34746184
44142084,34746184
23266785,34753150
39364044,34778141
39808738,34778141
40032691,34778141
42059741,34778141
42338730,34778141
35432892,34859221
37304041,34859221
37491216,34859221
37885832,34859221
38608871,34859221
39492648,34859221
39808736,34859221
39926152,34859221
40031721,34859221
40774967,34859221
34981372,34908870
35432892,34908870
38069075,34908870
38460983,34908870
38515461,34908870
38517025,34908870
38657257,34908870
38694113,34908870
38778155,34908870
38846951,34908870
38895466,34908870
38935921,34908870
39027518,34908870
39107009,34908870
39673853,34908870
39865622,34908870
40042779,34908870
40044115,34908870
40074870,34908870
40186081,34908870
40260118,34908870
40352563,34908870
40377585,34908870
40518527,34908870
40565192,34908870
40567848,34908870
40591902,34908870
40785431,34908870
42194246,34908870
42220847,34908870
42222090,34908870
42226163,34908870
42230233,34908870
42356263,34908870
42560068,34908870
42734802,34908870
43525114,34908870
44353095,34908870
41707598,34909985
41707599,34909985
42336320,34909985
38198255,34926988
40278978,34926988
40591372,34926988
40753500,34926988
42222092,34926988
42222974,34926988
42341746,34926988
43088071,34926988
44141427,34926988
38517024,34935212
38522930,34935212
42083880,34935212
38759543,34936138
38805602,34936138
39590878,34936138
42222974,34936138
42286472,34936138
36928256,34937742
37481438,34937742
39673853,34937742
39930552,34937742
40679038,34937742
40679039,34937742
40931868,34937742
41318448,34937742
44143116,34937742
44355105,34937742
34139873,34941028
36998545,34941028
37304041,34941028
37311884,34941028
38134496,34941028
38596273,34941028
39251168,34941028
39808736,34941028
40031721,34941028
40472015,34941028
40943858,34941028
41162714,34941028
42124667,34941028
42222091,34941028
42710056,34941028
43085385,34941028
43304664,34941028
44142077,34941028
34139873,34941101
37304041,34941101
37669295,34941101
38170014,34941101
38515461,34941101
38895466,34941101
39808736,34941101
39926152,34941101
40387899,34941101
40456174,34941101
40467344,34941101
40936293,34941101
41203501,34941101
42222970,34941101
42734802,34941101
42829506,34941101
44142077,34941101
44143116,34941101
38134496,34957948
38515461,34957948
39020544,34957948
39282460,34957948
39808736,34957948
39926153,34957948
40260118,34957948
40278978,34957948
40472015,34957948
40567848,34957948
40936293,34957948
41012222,34957948
41162714,34957948
41318448,34957948
42032723,34957948
43628470,34957948
40042769,34958415
40278978,34958415
41012222,34958415
41314521,34958415
42316549,34958415
35721676,34959687
38517025,34959687
39027518,34959687
39717819,34959687
40518527,34959687
42222093,34959687
44224261,34959687
37114539,34959688
38895466,34959688
39951447,34959688
40387899,34959688
41056401,34959688
41112648,34959688
42103018,34959688
43028578,34959688
36998545,34961759
38998346,34961759
39865390,34961759
40278951,34961759
40715459,34961759
40810593,34961759
41129212,34961759
41426352,34961759
42222088,34961759
42231272,34961759
42562976,34961759
44143144,34961759
44544081,34961759
39267901,34962866
40030902,34962866
40265972,34962866
41314521,34962866
41566520,34962866
42728864,34962866
34139873,34966536
35514092,34966536
38309665,34966536
38517024,34966536
38522930,34966536
41009191,34966536
41279553,34966536
41511245,34966536
41707598,34966536
42195532,34966536
42222086,34966536
43734564,34966536
44520504,34966536
44624981,34966536
38517025,34967793
40406267,34967793
40518527,34967793
41467148,34967793
42316549,34967793
38170014,34969837
39311311,34969837
39597613,34969837
40278951,34969837
40467344,34969837
44143115,34969837
37114539,34970368
38198827,34970368
38884885,34970368
39986215,34970368
41056401,34970368
42224597,34970368
38309665,34975926
39682249,34975926
42670315,34975926
44366930,34975926
7682248,34981372
26009137,34981372
32922153,34981372
33304930,34981372
34908870,34981372
35799306,34981372
36928409,34981372
38069075,34981372
38261594,34981372
38510334,34981372
38935921,34981372
39107009,34981372
39401353,34981372
39431463,34981372
39777488,34981372
40042779,34981372
40044115,34981372
40074870,34981372
40075574,34981372
40565192,34981372
40691046,34981372
40785431,34981372
41010469,34981372
41664021,34981372
41718846,34981372
42194246,34981372
42222090,34981372
42222960,34981372
42230233,34981372
43928279,34981372
34676769,35005063
37441907,35005063
42336320,35005063
42980419,35005063
42981100,35005063
43647916,35005063
40387779,35005601
43756772,35058795
38472820,35079222
40075573,35079222
42222081,35079222
42222082,35079222
39276257,35079345
38170014,35134119
38962528,35134119
39367323,35134119
41429463,35134119
42083878,35134119
42083879,35134119
42083880,35134119
42647364,35134119
43305784,35134119
43495159,35134119
44597066,35134119
43647916,35136612
40621357,35276530
40953006,35276530
42222974,35276530
44307305,35276530
38261594,35320281
39863777,35320281
40379631,35320281
40387899,35320281
42034524,35320281
42224495,35320281
42224503,35320281
44798101,35320281
41010471,35344643
42184116,35344643
42461443,35344643
35721676,35355814
36782307,35355814
36998545,35355814
38170014,35355814
38459040,35355814
39682249,35355814
39926154,35355814
40265972,35355814
40352713,35355814
40456345,35355814
40467344,35355814
40472130,35355814
42230231,35355814
42668460,35355814
42987695,35355814
44142069,35355814
41258359,35404798
42663870,35404798
42779530,35404798
37304041,35432892
38510334,35432892
38657257,35432892
39107009,35432892
39808736,35432892
40044115,35432892
40352563,35432892
40377585,35432892
40565192,35432892
40691046,35432892
40785431,35432892
41010469,35432892
44505361,35432892
34129838,35448152
38170014,35448152
38515805,35448152
38517025,35448152
39314392,35448152
39536770,35448152
39986215,35448152
40518527,35448152
41279553,35448152
42084581,35448152
42222085,35448152
23266785,35452679
34679397,35452679
38761231,35452679
39536770,35452679
40227621,35452679
40352370,35452679
40568359,35452679
41198808,35452679
42034524,35452679
42056602,35452679
43302908,35452679
33441310,35455150
34981372,35455150
35520062,35455150
36928409,35455150
36998545,35455150
38001770,35455150
38779043,35455150
38998346,35455150
39313563,35455150
39462164,35455150
39543051,35455150
39719277,35455150
39808736,35455150
39865390,35455150
40352726,35455150
40526746,35455150
40786860,35455150
41056401,35455150
41203501,35455150
41416405,35455150
41509748,35455150
41799468,35455150
42222958,35455150
42222973,35455150
43386192,35455150
43428648,35455150
44143815,35455150
44624835,35455150
42222974,35458772
44143113,35458772
39868676,35464091
36998545,35482128
38261594,35482128
39868676,35482128
40278951,35482128
41416405,35482128
42222090,35482128
38459383,35502293
42222974,35502293
34139873,35513109
34969837,35513109
37304041,35513109
38895466,35513109
39027518,35513109
39092242,35513109
39311311,35513109
39777423,35513109
39808736,35513109
40469918,35513109
40679038,35513109
42124667,35513109
42222091,35513109
42222974,35513109
42231268,35513109
44142077,35513109
44520504,35513109
34139873,35514092
36782307,35514092
37304041,35514092
38895466,35514092
39092242,35514092
39808736,35514092
39926152,35514092
40605235,35514092
41478713,35514092
42987695,35514092
43085385,35514092
43854229,35514092
44520504,35514092
34139873,35514093
36998545,35514093
40456174,35514093
41799468,35514093
42222080,35514093
42222081,35514093
42222082,35514093
42222085,35514093
42634124,35514093
44142077,35514093
37649471,35520062
40032812,35520062
40775156,35520062
41509748,35520062
42222082,35520062
42230231,35589532
40786860,35708589
41090374,35708589
42338730,35708589
7682248,35721676
7700862,35721676
26009137,35721676
32708399,35721676
36998545,35721676
38459040,35721676
38515503,35721676
38859576,35721676
39032120,35721676
39359107,35721676
39431463,35721676
41818344,35721676
42102376,35721676
42106341,35721676
39364044,35727139
39719400,35727139
40418868,35727139
40472130,35727139
41161329,35727139
42222082,35727139
42732855,35727139
44081267,35727139
35432892,35746213
39986215,35746213
40565192,35746213
42034524,35746213
38814477,35787015
40075573,35787015
42195532,35787015
42935828,35787015
43535857,35787015
34908870,35799306
34981372,35799306
35432892,35799306
36782307,35799306
36998545,35799306
37865899,35799306
38069075,35799306
38134496,35799306
38519700,35799306
38577937,35799306
38778155,35799306
38846951,35799306
39107009,35799306
39262797,35799306
39262998,35799306
40032691,35799306
40042779,35799306
40044115,35799306
40074870,35799306
40075574,35799306
40260118,35799306
40377585,35799306
40567848,35799306
40591902,35799306
42034524,35799306
42056602,35799306
42119742,35799306
42222090,35799306
42230233,35799306
42551688,35799306
42562976,35799306
42830750,35799306
43221132,35799306
43598138,35799306
38564006,35809593
39563434,35809593
39590878,35809593
40874086,35809593
41559457,35809593
34908870,35809647
36998545,35809647
37304041,35809647
38198827,35809647
38895466,35809647
39356556,35809647
39808736,35809647
40042779,35809647
40186081,35809647
40526746,35809647
40850776,35809647
41064642,35809647
41416405,35809647
42124667,35809647
42222085,35809647
42222969,35809647
42222970,35809647
42230233,35809647
42338730,35809647
42811314,35809647
43496816,35809647
44142068,35809647
44143116,35809647
40090342,35840322
40667156,35840322
40795198,35840322
42034524,35840322
44143115,35840322
44143814,35840322
35840322,35841849
36916479,35841849
37637522,35841849
38543649,35841849
40352651,35841849
40456345,35841849
40472130,35841849
41566767,35841849
42056602,35841849
42668930,35841849
42992829,35841849
43086942,35841849
43379853,35841849
38739430,35853075
43416524,35853075
38814486,35853942
43795199,35853942
38805602,35873125
40874086,35873125
37304041,35929971
38472820,35929971
38654935,35929971
39146855,35929971
39808736,35929971
39823810,35929971
40454662,35929971
40792049,35929971
41066666,35929971
41161329,35929971
41460120,35929971
41716934,35929971
42028093,35929971
42222082,35929971
42674929,35929971
43992133,35929971
7682248,35998481
26009137,35998481
37637522,35998481
38543649,35998481
38566895,35998481
38740123,35998481
38740163,35998481
38752541,35998481
39493537,35998481
39767154,35998481
40456345,35998481
40667156,35998481
42056602,35998481
42668930,35998481
42732855,35998481
43086942,35998481
43262612,35998481
42230232,36096722
35998481,36118067
38286555,36118067
42174587,36118067
42668930,36118067
43448268,36118067
35840322,36118097
36118067,36118097
38740123,36118097
38740163,36118097
39493537,36118097
39868708,36118097
40075574,36118097
40352370,36118097
40472130,36118097
40795198,36118097
41466370,36118097
42056602,36118097
43608629,36118097
43836825,36118097
40472916,36147049
40602351,36147049
40790464,36147049
32922153,36407933
34139873,36407933
37074201,36407933
37441907,36407933
38895466,36407933
39282460,36407933
40278978,36407933
40456174,36407933
40567848,36407933
41011978,36407933
42222958,36407933
42222962,36407933
43598138,36407933
43843077,36407933
40135722,36615418
40220839,36615418
42665802,36615418
42730072,36729332
38198827,36758626
39156541,36758626
39415361,36758626
40418868,36758626
41722748,36758626
42222092,36758626
42222969,36758626
42222970,36758626
44143116,36758626
40795202,36764595
41020847,36764595
35355814,36782307
35721676,36782307
37304041,36782307
38134496,36782307
38147611,36782307
38459040,36782307
38515805,36782307
39682249,36782307
39719400,36782307
39808736,36782307
40075574,36782307
40265972,36782307
40565192,36782307
40605235,36782307
40689521,36782307
41012222,36782307
42222080,36782307
42222081,36782307
42222082,36782307
40810593,36869901
42222101,36869901
44143131,36869901
39142757,36869906
40560639,36869906
40567848,36869906
40578113,36869906
41682710,36869906
38015549,36869917
42982246,36869917
39493537,36916479
40090342,36916479
40795198,36916479
42230231,36916479
35840322,36928256
40379631,36928256
41134545,36928256
41716934,36928256
41716942,36928256
43302378,36928256
44143115,36928256
19189473,36928409
33304930,36928409
34908870,36928409
35721676,36928409
35799306,36928409
36998545,36928409
37304041,36928409
38069075,36928409
38577937,36928409
39808736,36928409
39926152,36928409
39926154,36928409
39968842,36928409
40074870,36928409
41008932,36928409
41057625,36928409
41161329,36928409
41460120,36928409
41716934,36928409
41716942,36928409
41717370,36928409
42034524,36928409
42222960,36928409
42674929,36928409
43607257,36928409
38564006,36933610
40874086,36933610
38261594,36940041
42668930,36940041
34129838,36998545
34908870,36998545
35840322,36998545
37304041,36998545
38170014,36998545
38577937,36998545
38778155,36998545
39311312,36998545
39717819,36998545
39808736,36998545
39926153,36998545
39926154,36998545
40090342,36998545
40260118,36998545
40352651,36998545
40387899,36998545
40417886,36998545
40456345,36998545
40467344,36998545
40472130,36998545
40605235,36998545
40810593,36998545
41162714,36998545
41668280,36998545
42040440,36998545
42056602,36998545
42084581,36998545
42197712,36998545
42222081,36998545
42222090,36998545
42222091,36998545
42222093,36998545
42230233,36998545
42231268,36998545
42260319,36998545
42987695,36998545
43854229,36998545
44167744,36998545
44560164,36998545
39530965,37011542
40654494,37011542
41051107,37011542
41112648,37011542
41258359,37011542
42663870,37011542
42741564,37011542
42993679,37011542
43028578,37011542
43032611,37011542
34129838,37027500
38895466,37027500
38998346,37027500
39156541,37027500
39536770,37027500
41009904,37027500
41090371,37027500
41513061,37027500
42222091,37027500
42222974,37027500
42223651,37027500
42231272,37027500
43992121,37027500
44142068,37027500
44143117,37027500
36998545,37074201
38935921,37074201
38962528,37074201
38998346,37074201
39926152,37074201
40260118,37074201
40472015,37074201
40931868,37074201
41010297,37074201
41012222,37074201
41314521,37074201
41361319,37074201
41478713,37074201
42222078,37074201
42222086,37074201
42222962,37074201
43736218,37074201
43854229,37074201
38959662,37076124
35134119,37114539
35482128,37114539
38460983,37114539
38515461,37114539
39156541,37114539
39597613,37114539
40042769,37114539
40260118,37114539
40384198,37114539
40467344,37114539
40605235,37114539
40715459,37114539
40902782,37114539
40936293,37114539
41056401,37114539
41361319,37114539
41559457,37114539
42222078,37114539
42932245,37114539
43843077,37114539
43927675,37114539
34908870,37304041
38460983,37304041
38596273,37304041
38694113,37304041
39311312,37304041
39415361,37304041
39808736,37304041
40591544,37304041
40679038,37304041
40679039,37304041
40874086,37304041
40902782,37304041
41129733,37304041
42222080,37304041
42222090,37304041
42665802,37304041
43126566,37304041
43992133,37304041
44143115,37304041
41668280,37310392
42222080,37310392
42222081,37310392
42222082,37310392
42222969,37310392
44142077,37310392
41412308,37311884
41416439,37311884
42338723,37311884
44142081,37311884
33550481,37402106
35998481,37402106
37663118,37402106
37873336,37402106
38335742,37402106
38459040,37402106
38543649,37402106
38740123,37402106
38814486,37402106
39767154,37402106
39868708,37402106
40090342,37402106
40352651,37402106
40456345,37402106
40795202,37402106
40850776,37402106
40900786,37402106
41203501,37402106
41279553,37402106
42040440,37402106
42056602,37402106
42084581,37402106
42106341,37402106
42222093,37402106
42231268,37402106
42987695,37402106
43797857,37402106
43880324,37402106
43902831,37402106
34139873,37441907
39943147,37441907
40228866,37441907
40689521,37441907
41010297,37441907
42222092,37441907
42222962,37441907
44143124,37441907
44520504,37441907
35809593,37481288
39563434,37481288
40511198,37481288
34937742,37481438
40031721,37481438
40931868,37481438
41162714,37481438
41478713,37481438
43085385,37481438
43496601,37481438
44366927,37481438
40774967,37491216
39364868,37560923
40175879,37560923
40456345,37560923
40600122,37560923
41134545,37560923
41559702,37560923
41566767,37560923
41818344,37560923
42034524,37560923
42056602,37560923
42174587,37560923
42668930,37560923
42992829,37560923
43262612,37560923
44142074,37560923
44143115,37560923
44366930,37560923
35355814,37571844
38752541,37571844
39926154,37571844
40352713,37571844
44142069,37571844
44143814,37571844
42145313,37622008
43382370,37622008
40090342,37637522
40175879,37637522
41152939,37637522
39591988,37649471
40801603,37649471
41401822,37649471
42222082,37649471
38147611,37663118
38515805,37663118
38752541,37663118
39926154,37663118
40352713,37663118
36998545,37665466
40076132,37665466
40801603,37665466
42222966,37665466
42231273,37665466
42231274,37665466
42231275,37665466
42289039,37665466
39311312,37669295
39364044,37669295
43853267,37669295
46329040,37669295
38517026,37669465
39530965,37669465
40362369,37669465
41412308,37669465
43758659,37669465
42993679,37671968
43217718,37671968
40278951,37672449
40291167,37672449
40810593,37672449
41161329,37672449
41162692,37672449
42034524,37672449
42222966,37672449
42231273,37672449
42231274,37672449
42231275,37672449
40567848,37683696
42084581,37683696
42984058,37683696
44143814,37683696
7682248,37693506
26009137,37693506
33435055,37693506
34139873,37693506
37669465,37693506
38514238,37693506
38895466,37693506
39431463,37693506
39717819,37693506
39855033,37693506
40032634,37693506
40679038,37693506
41314521,37693506
42222084,37693506
42222089,37693506
43530378,37693506
44142076,37693506
43221132,37711833
42124481,37734774
38460983,37854337
38596273,37854337
38778155,37854337
39926152,37854337
39926153,37854337
40278978,37854337
40387899,37854337
42026320,37854337
42034524,37854337
42222101,37854337
42338730,37854337
42829506,37854337
43857205,37854337
33441310,37865899
41129733,37865899
41716934,37865899
41716942,37865899
41717370,37865899
42026320,37865899
42028093,37865899
42087881,37865899
42197712,37865899
42222080,37865899
42222081,37865899
42222082,37865899
42223651,37865899
42231268,37865899
42238705,37865899
42829506,37865899
42992829,37865899
43836825,37865899
7682248,37873336
26009137,37873336
34129838,37873336
34681755,37873336
35355814,37873336
37571844,37873336
38335742,37873336
38778155,37873336
39364044,37873336
39926154,37873336
40075574,37873336
40668462,37873336
41020847,37873336
41559702,37873336
42056602,37873336
42396102,37873336
42663923,37873336
43412211,37873336
43450105,37873336
43534248,37873336
43854229,37873336
44142076,37873336
39492648,37885832
42222959,37885832
42138767,37888154
38517026,37909986
40260118,38001770
34936138,38003906
38805602,38003906
42222974,38003906
43991677,38003906
44143122,38003906
39682249,38006097
39930325,38006097
41091022,38006097
41345997,38006097
44143120,38006097
34129838,38015725
34967793,38015725
38895466,38015725
39282460,38015725
40228866,38015725
40260118,38015725
41012222,38015725
41112648,38015725
42222092,38015725
42316653,38015725
42932245,38015725
44143124,38015725
33435955,38051815
34908870,38051815
38170014,38051815
38198255,38051815
38459040,38051815
38515503,38051815
38895466,38051815
39926152,38051815
39968842,38051815
40228866,38051815
40406267,38051815
40591372,38051815
40666742,38051815
40689521,38051815
41112648,38051815
41819496,38051815
42106341,38051815
42222078,38051815
42320324,38051815
34908870,38069075
35134119,38069075
37669295,38069075
38657257,38069075
38846951,38069075
38935921,38069075
39492648,38069075
40785431,38069075
40902782,38069075
42184116,38069075
42222090,38069075
19189473,38118934
38001770,38118934
42224597,38118934
42231270,38118934
44142077,38118934
35134119,38134496
35355814,38134496
35721676,38134496
36998545,38134496
37571844,38134496
38261594,38134496
39092242,38134496
39262797,38134496
39577326,38134496
39673853,38134496
39777423,38134496
39926153,38134496
39926154,38134496
40352709,38134496
40352713,38134496
40567848,38134496
41010297,38134496
41010469,38134496
41258359,38134496
41466366,38134496
41529649,38134496
42222080,38134496
42222081,38134496
42222082,38134496
44142068,38134496
44142069,38134496
35355814,38147611
38515805,38147611
39926154,38147611
41279553,38147611
43880324,38147611
43003465,38162135
34908870,38170014
35134119,38170014
40260118,38170014
40298698,38170014
40467344,38170014
40936293,38170014
41361319,38170014
41478713,38170014
42222090,38170014
42260319,38170014
43795199,38170014
43927675,38170014
37304041,38197650
39577326,38197650
39808736,38197650
40456581,38197650
41314521,38197650
42309639,38197650
43530378,38197650
43586700,38197650
44224261,38197650
39808736,38198827
40591965,38198827
42222970,38198827
42313308,38198827
43497461,38198827
44142077,38198827
44143116,38198827
41378886,38219481
42124667,38222676
43304664,38222676
43534956,38232891
38666822,38255293
39868676,38255293
40042769,38255293
42663870,38255293
42779530,38255293
42831082,38255293
42993679,38255293
43032611,38255293
43734403,38255293
43843077,38255293
37865899,38261594
39868708,38261594
40352651,38261594
40472916,38261594
40943858,38261594
41161329,38261594
42184116,38261594
42224495,38261594
42230231,38261594
42992829,38261594
44081267,38261594
39593610,38283286
40847880,38283286
38459040,38286555
42056602,38286555
42174587,38286555
43262612,38286555
43607257,38286555
37669465,38309665
38134496,38309665
38459040,38309665
38522930,38309665
42083878,38309665
42106341,38309665
42670315,38309665
7682248,38335543
26009137,38335543
38335742,38335543
39364868,38335543
39926154,38335543
41818344,38335543
43450105,38335543
7682248,38335742
26009137,38335742
38335543,38335742
39364868,38335742
39431463,38335742
39926154,38335742
42102376,38335742
42663923,38335742
42781597,38335742
43534248,38335742
44482612,38344885
34908870,38459040
35721676,38459040
39865724,38459040
40075574,38459040
40352713,38459040
40384198,38459040
40406267,38459040
40565192,38459040
40567848,38459040
40666742,38459040
40718543,38459040
40954403,38459040
42106341,38459040
42222084,38459040
42668460,38459040
43797857,38459040
44353095,38459040
41112648,38459383
41559457,38459383
42222974,38459383
42932245,38459383
42935828,38459383
44307305,38459383
42222092,38460313
43217718,38460313
35134119,38460983
41406959,38460983
43126566,38460983
44624835,38460983
42222082,38470837
37304041,38472820
39591988,38472820
39808736,38472820
40032812,38472820
41203501,38472820
34908870,38510334
41667475,38510334
43525114,38510334
41478713,38514238
41567276,38514238
42222086,38514238
42309639,38514238
42670315,38514238
44142076,38514238
40936293,38515461
7682248,38515503
26009137,38515503
38935921,38515503
39027518,38515503
40456581,38515503
40469814,38515503
40578113,38515503
40689521,38515503
41258359,38515503
41466366,38515503
41799468,38515503
42222082,38515503
42260319,38515503
43843077,38515503
44303565,38515503
45003479,38515503
39926152,38515805
40352713,38515805
40352726,38515805
41466366,38515805
42560068,38515805
43880324,38515805
38222469,38517024
38522930,38517024
41012222,38517024
42222086,38517024
35721676,38517025
38015549,38517025
38522930,38517025
38935921,38517025
39401353,38517025
39760880,38517025
39926152,38517025
39968842,38517025
40467344,38517025
40521549,38517025
41258359,38517025
41314521,38517025
42222086,38517025
42316549,38517025
43305784,38517025
44142076,38517025
44340938,38517025
34908870,38517026
38517024,38517026
38522930,38517026
42166017,38517026
39930552,38519700
40031721,38519700
40387899,38519700
41162714,38519700
43298229,38519700
43304664,38519700
44341841,38519700
32321662,38522930
39364868,38522930
42222086,38522930
40352370,38543649
43262612,38543649
43992121,38543649
39027518,38566895
39493537,38566895
44142074,38566895
44167744,38566895
38778155,38577937
38998346,38577937
39926153,38577937
40810593,38577937
42026320,38577937
42028093,38577937
42056602,38577937
42084581,38577937
42087881,38577937
42119742,38577937
43854229,38577937
43857205,38577937
44708737,38577937
39808736,38596273
40260119,38596273
42222080,38596273
42222081,38596273
42222082,38596273
43126566,38596273
44142068,38596273
40260119,38608871
40352563,38608871
38778155,38625329
39682249,38625329
39865724,38625329
40260119,38625329
40418868,38625329
40567848,38625329
41466366,38625329
42198572,38625329
42222970,38625329
42830750,38625329
43854229,38625329
43857205,38625329
44081267,38625329
39823810,38654935
41066666,38654935
42101840,38654935
42934525,38654935
34908870,38657257
35432892,38657257
39865724,38657257
40352563,38657257
40377585,38657257
41718846,38657257
42119742,38657257
42194246,38657257
42226163,38657257
42829506,38657257
44142077,38657257
38255293,38666822
38522930,38666822
39338983,38666822
39868676,38666822
43734403,38666822
40472916,38667500
44475867,38667500
42231271,38669878
35134119,38694113
40076132,38694113
40260119,38694113
42028093,38694113
42087881,38694113
39509845,38724397
42613887,38724397
43302976,38724397
43416524,38739430
43262612,38740123
43902831,38740123
44142074,38740123
44167744,38740123
40090342,38740163
41682710,38740163
41718846,38740163
44142074,38740163
34139873,38759543
44520504,38759543
41066707,38761231
41162692,38761231
42223547,38761231
43902831,38761231
39868676,38776817
42184116,38776817
42710056,38776817
43027651,38776817
41134545,38778155
41716942,38778155
43854229,38778155
43857205,38778155
44224261,38778155
42222085,38779043
42222974,38805602
44142069,38813859
42145313,38814477
44066979,38814477
40352726,38814486
40467344,38814486
42184116,38814486
43795199,38814486
44475866,38814486
45022290,38814486
41608546,38822197
42266386,38822197
44142077,38846415
34908870,38846951
39020544,38846951
39492648,38846951
40186081,38846951
40679038,38846951
42119742,38846951
34737118,38859576
35721676,38859576
39359107,38859576
41668785,38859576
7682248,38875816
26009137,38875816
33435055,38875816
39926153,38875816
40666742,38875816
42222085,38875816
43530378,38875816
40605235,38884885
42313308,38884885
44142068,38884885
7682248,38895466
26009137,38895466
38935921,38895466
39027518,38895466
39926154,38895466
40228866,38895466
40352713,38895466
40387899,38895466
41112648,38895466
41259787,38895466
34908870,38935921
38459040,38935921
39027518,38935921
42106341,38935921
42222078,38935921
35134119,38959662
42083879,38959662
42083880,38959662
43495159,38959662
38198827,38962000
42244700,38962000
44142077,38962000
42937421,38962528
42981099,38981831
42263364,38983706
42145313,38984200
41509748,38995149
42668460,38995149
43843077,38996209
44196243,38996209
37304041,38998346
39415361,38998346
39808736,38998346
41094440,38998346
41426352,38998346
42222088,38998346
42562976,38998346
42970194,38998346
34908870,39020544
38935921,39020544
38935921,39027518
40352713,39027518
40565192,39027518
42222078,39027518
42222093,39027518
39359107,39032120
42222092,39081588
43448163,39081588
43853267,39081588
44142068,39081588
34908870,39092242
40074870,39092242
40352709,39092242
40352713,39092242
42222080,39092242
42222974,39092242
42230233,39092242
42668460,39092242
39338983,39106077
42237420,39106077
38935921,39107009
40666742,39142757
42056602,39142757
42166017,39142757
42174574,39142757
42633442,39142757
43759729,39142757
44143814,39142757
38654935,39146855
40792049,39146855
42101840,39146855
43992133,39146855
40567848,39156248
41466370,39156248
41529649,39156248
42040440,39156248
42222085,39156248
42230231,39156248
42231268,39156248
42231271,39156248
42811314,39156248
42987695,39156248
44142068,39156248
42072828,39156541
42222969,39156541
42222970,39156541
38543649,39167923
39719277,39167923
39986215,39167923
40380151,39167923
41513061,39167923
41091022,39204124
39364044,39230438
42230232,39230438
35355814,39251168
41707341,39251168
42184116,39251168
43027651,39251168
43304664,39251168
44142081,39251168
35355814,39262797
36782307,39262797
36998545,39262797
39682249,39262797
40278951,39262797
40387899,39262797
41466366,39262797
42222080,39262797
42222081,39262797
42222082,39262797
42222093,39262797
42222966,39262797
42231273,39262797
42231274,39262797
42231275,39262797
44142069,39262797
39543051,39263105
40352726,39263105
42231272,39263105
43386192,39263105
44143131,39276257
44482612,39282460
40667156,39304522
41566767,39304522
36998545,39311311
38510334,39311311
38935921,39311311
44505361,39311311
42338730,39311312
43608613,39311312
34139873,39344637
39852174,39344637
41412308,39344637
42542693,39344637
43027651,39344637
43033465,39344637
43088071,39344637
44142081,39344637
43448268,39356556
35721676,39359107
38859576,39359107
41381988,39359107
42102376,39359107
38543649,39364868
39142757,39364868
41566767,39364868
44142074,39364868
44798101,39364868
42077869,39367323
42083878,39367323
42083879,39367323
35134119,39415361
40936293,39415361
42222966,39428000
42231273,39428000
42231274,39428000
42231275,39428000
42289039,39428000
43385733,39428000
39356556,39462164
40186081,39462164
40278632,39462164
41667189,39462164
42073949,39462164
42222082,39462164
44143117,39462164
44560164,39462164
36998545,39463899
39645219,39463899
40931868,39463899
34908870,39492648
39020544,39492648
40679038,39492648
41090374,39492648
42244700,39492648
42223610,39493537
44143115,39493537
38543649,39494479
40263300,39494479
42223651,39494479
39356556,39509845
41227060,39509845
42613887,39509845
43302976,39509845
43495159,39509845
42222085,39536770
43125771,39536770
43379853,39536770
44081267,39536770
44366930,39536770
44475866,39536770
44482612,39536770
41509748,39543051
42231272,39543051
42338730,39543051
43386192,39543051
41707599,39560848
42333436,39560848
42678403,39560848
42222084,39590397
42222974,39590878
44196243,39590878
43217949,39591794
38517025,39593610
40847880,39593610
40901771,39593610
43027651,39597613
43028578,39597613
43927675,39597613
38778155,39645219
40380151,39645219
41010469,39645219
42059741,39645219
44341841,39645219
42220847,39645840
42222084,39645840
40654494,39667111
40911967,39667111
41610985,39667111
44142069,39667111
41566520,39668209
40560639,39674533
42225458,39681656
40898448,39685195
40954404,39685195
42222090,39719277
38566895,39719400
42230231,39719400
40352651,39739517
43448268,39739517
40847170,39760880
41012222,39768621
35134119,39777488
39356556,39777488
42194246,39777488
40260119,39808736
42829506,39808736
43304664,39808736
41669380,39808738
44143815,39808738
35721676,39855033
43450105,39855033
42128630,39863777
42560069,39863777
43027651,39863777
44366927,39863777
39156248,39865622
41162714,39865622
42551688,39865622
42829506,39865724
38666822,39868676
39027518,39868676
43734403,39868676
39027518,39926152
40278978,39926152
40352713,39926152
40456345,39926152
42222084,39926152
42668460,39926152
39926154,39926153
39577326,39926154
42087881,39926154
42222088,39930552
43796282,39930552
44366927,39930552
45003479,39930552
40278978,39943147
40591372,39943147
43028578,39951447
34908870,39968842
38255293,39968842
38459040,39968842
38895466,39968842
38935921,39968842
39027518,39968842
39282460,39968842
39359107,39968842
40456581,39968842
40565192,39968842
40567848,39968842
40785431,39968842
40847170,39968842
41258359,39968842
41819496,39968842
42106341,39968842
42222078,39968842
42779530,39968842
45003479,39968842
42124481,39986215
41016447,40026767
42830750,40026767
43379853,40026767
42234709,40030902
42728864,40030902
43608613,40030902
34908870,40031721
40567848,40031721
43304664,40031721
44353095,40031721
44366927,40031721
40289430,40032634
40278957,40032691
43125359,40032691
43221132,40032691
43598138,40032691
43992142,40032691
42993679,40042769
43628472,40042769
41416405,40042779
35134119,40044086
40567848,40044086
41134545,40044086
41716934,40044086
41716942,40044086
42222960,40044086
42674929,40044086
44143115,40044086
42222090,40044115
35721676,40074599
40289430,40074599
38814477,40074827
38983706,40074827
40278978,40074827
41416439,40074827
42263364,40074827
42982246,40074827
34139873,40074870
34908870,40074870
35721676,40074870
40565192,40074870
40568359,40074870
42034524,40074870
42309913,40074870
42710056,40074870
43086942,40074870
44143814,40074870
44366927,40074870
44366930,40074870
42222081,40075573
42222082,40075573
44858388,40075573
39431463,40075574
40718543,40075574
42194246,40075574
42222093,40075574
38998346,40076132
41129733,40076132
42103018,40076132
42231270,40076132
43385733,40076132
43618115,40076132
43778525,40076132
43898588,40076132
44142077,40076132
44143120,40076132
44858388,40076132
39364868,40090342
39739517,40090342
41818344,40090342
42056602,40090342
40639967,40130335
40220839,40135722
40795198,40175879
42335014,40175879
43448268,40175879
42222970,40186081
38543649,40225367
41381988,40225367
41818344,40225367
42056602,40225367
43412211,40225367
44143814,40225367
42320324,40228866
42984058,40228866
40689521,40260118
40936293,40260118
41361319,40260118
42032723,40260118
42222078,40260118
42222090,40260118
39415361,40260119
40668462,40260119
43628470,40260119
44142069,40260119
44142077,40260119
34908870,40265972
40030902,40265972
40469814,40265972
41010471,40265972
41799468,40265972
42072828,40265972
38846951,40278632
39492648,40278632
41129733,40278632
41509748,40278632
42222081,40278632
42222082,40278632
42984058,40278632
44143124,40278632
41162692,40278951
42222959,40278957
42223547,40278957
34908870,40278978
39282460,40278978
40954404,40278978
42056602,40278978
42106341,40278978
42222090,40278978
42222970,40278978
42984058,40278978
43628470,40278978
44081267,40278978
40775156,40283433
35721676,40289430
42040440,40289430
42056602,40289430
40667156,40301416
40898448,40301416
41162714,40301416
42103018,40301416
42830750,40301416
43843077,40301416
38543649,40352370
40667156,40352370
44366930,40352370
44475866,40352370
38515805,40352709
40352726,40352709
35355814,40352713
40352709,40352713
42668460,40352713
44142069,40352713
34129838,40352726
38515805,40352726
41056401,40352726
41011978,40362369
34908870,40379631
41717370,40379631
43854229,40379631
42970194,40381496
34139873,40387779
40030902,40387779
43426895,40387779
43496601,40387779
44520504,40387779
42056602,40387899
42734802,40387899
43857205,40387899
44353095,40387899
34908870,40404268
40785431,40404268
34908870,40406267
38170014,40406267
38459040,40406267
38895466,40406267
40567848,40406267
40591372,40406267
41012222,40406267
41511245,40406267
42106341,40406267
42222078,40406267
42222962,40406267
44257962,40406267
38625329,40418868
40567848,40418868
42230231,40418868
44482612,40419027
40792049,40454662
43411505,40454662
42830750,40456174
44142077,40456174
40795198,40456345
42056602,40456345
42222974,40456345
42551688,40456345
42668460,40456345
42830750,40456345
42992829,40456345
43854229,40456345
40567848,40456581
44143124,40456581
35134119,40467344
38170014,40467344
42222970,40467344
42668460,40467344
43795199,40467344
43854229,40467344
44167744,40467344
44597066,40467344
40456345,40469918
39685195,40470831
40135722,40470831
42174574,40470831
34139873,40472015
43628470,40472015
44142077,40472015
44353095,40472015
44520504,40472015
45003479,40472015
40456345,40472130
42084581,40472130
42987695,40472130
42222966,40472916
42231273,40472916
42231275,40472916
41129212,40490415
41129733,40490415
44142077,40490415
42223547,40493752
43262612,40493752
42937421,40504459
43969832,40511198
39760880,40518527
40679038,40526746
43603043,40526746
42222082,40535004
44143115,40535004
43412211,40538868
44798101,40538868
43033465,40548680
34908870,40565192
40352563,40565192
40785431,40565192
42072828,40565192
44224261,40565192
39868676,40567848
42103018,40567848
43843077,40567848
40567848,40578113
40278978,40591372
40753500,40591372
35134119,40591544
43411505,40591544
43992133,40591544
44143814,40591544
34908870,40591902
44505361,40591902
38543649,40600122
42056602,40600122
44142074,40600122
42678403,40601519
44142077,40601519
38170014,40605235
44142068,40605235
44257962,40607009
43615292,40623863
41572690,40626084
42730072,40626084
43992133,40626084
41460120,40637575
44798101,40654494
39767154,40666742
39926152,40666742
40753500,40666742
41799468,40666742
42222092,40666742
43125359,40667156
44142076,40668462
34908870,40679038
42984058,40679038
43027651,40679038
43796282,40679038
34908870,40679039
40679038,40679039
43027651,40679039
43088071,40679039
43796282,40679039
42990126,40689521
38935921,40691046
39767154,40718543
40954403,40718543
41668785,40718543
43608629,40718543
44224261,40718543
44143104,40753500
34908870,40785431
42222081,40786169
42222966,40786169
42231273,40786169
42231274,40786169
42231275,40786169
44858388,40786169
41203501,40786860
34908870,40795198
43605994,40795198
44303565,40795198
42830750,40795199
40568359,40795935
42056602,40795935
43262612,40795935
43902831,40795935
44143144,40801603
34908870,40850776
42184110,40850776
44142074,40850776
44353095,40874086
40278978,40898448
40954404,40898448
44307305,40901314
40718543,40954403
40765599,40954403
40847170,40954403
41819496,40954403
42230232,40954404
39868676,41009143
42266386,41009143
43898588,41009143
44475867,41009143
40265972,41009191
42222966,41009191
42231273,41009191
42231274,41009191
42231275,41009191
42266386,41009191
44142068,41010297
41818344,41010423
42056602,41010423
42056602,41010469
42184110,41010469
43525114,41010469
44142071,41010469
41012222,41010471
44143104,41010471
42266386,41011945
42103018,41011978
34139873,41012222
39282460,41012222
42103018,41012222
40668462,41020847
43530378,41020847
43032611,41051107
43628472,41051107
40715459,41056401
40377457,41057625
41460120,41057625
43607257,41057625
40654494,41058836
40911967,41058836
42222091,41064509
44142068,41064509
43412211,41064784
38998346,41066610
44318287,41066610
39415361,41066699
39865622,41066699
43854229,41066699
34139873,41090371
42222085,41090371
42223598,41090371
42223602,41090371
43496816,41090371
44858388,41090374
32321662,41091022
40291167,41094440
39032120,41112648
40567848,41112648
42560068,41136950
42990126,41152939
44520504,41161365
34139873,41162714
39282460,41162714
41112648,41162714
39682249,41203501
42231270,41203501
43854229,41203501
44142077,41203501
40810593,41203656
44142077,41254219
44142081,41255193
40567848,41258359
40186081,41259787
34139873,41259854
43027651,41259854
44142081,41259854
44142084,41259894
35134119,41278891
38335742,41314521
40030902,41314521
41012222,41314521
41258359,41314521
44257962,41314521
44353095,41318448
43033465,41353951
42990126,41399289
40278978,41412291
34139873,41412306
41416439,41412306
42286472,41412306
42333436,41412306
41416439,41412308
44366927,41412308
44366927,41426352
34908870,41433796
38625329,41433796
42230231,41433796
42992829,41433796
43627428,41433796
43448268,41466366
40668462,41505005
43598138,41508080
38779043,41509748
44081267,41509748
41012222,41511245
44257962,41511245
41818344,41559702
42056602,41559702
40667156,41566767
43598138,41572593
43412211,41600742
43534248,41600742
35721676,41610985
42222082,41667189
42222085,41667189
44560164,41667189
40567848,41668280
42238705,41668280
44142069,41668785
44143122,41669380
41012222,41680515
41707599,41707598
35721676,41718846
43836825,41721228
44624981,41722748
38255293,41799468
39027518,41799468
43530378,41818344
38335742,41819496
39926152,41819496
40565192,41819496
44142069,41819496
34908870,42034524
44142069,42040440
43534248,42056602
34139873,42072911
44142081,42072911
44520504,42072911
42056602,42073949
44560162,42073949
44560164,42073949
43797857,42084581
40456174,42106341
40567848,42106341
44353095,42106341
44066979,42145313
34139873,42165358
39027518,42165358
41094440,42165358
43027651,42165358
44475867,42165358
44520504,42165358
44143113,42173280
42223651,42184110
42811314,42184110
44142069,42184110
43027651,42184116
44520504,42184116
44597066,42196455
39156248,42198572
39767154,42222078
40667156,42222078
35134119,42222080
38170014,42222080
38998346,42222080
39865622,42222080
39865724,42222080
41466366,42222080
41799468,42222080
44142068,42222080
44142069,42222080
42056602,42222081
42222085,42222081
44142068,42222081
41799468,42222082
42056602,42222082
44142068,42222082
44143117,42222082
44560164,42222082
41258359,42222084
42222080,42222084
43530378,42222084
42230231,42222085
44366930,42222085
38170014,42222086
41012222,42222086
34908870,42222090
40469814,42222091
40567848,42222091
44520504,42222091
44520504,42222092
41707599,42222101
43607257,42222101
43902831,42222101
44520504,42222101
34139873,42222958
41203501,42222958
35721676,42222960
41066699,42222960
42222085,42222960
44143124,42222962
42231273,42222966
42231275,42222966
43385733,42222966
40278978,42222969
44143116,42222969
40278978,42222970
40567848,42222970
44143116,42222970
44143131,42222973
42222085,42223547
38543649,42223598
42222085,42223598
42222093,42223598
42223651,42223598
42811314,42223598
43992121,42223598
42222085,42223602
44475866,42223602
39767154,42223651
40352370,42223651
42222085,42223651
42223598,42223651
42811314,42223651
44143117,42223651
44520504,42223651
34908870,42224495
35721676,42224495
35721676,42224503
34908870,42230231
42040440,42230231
42222085,42230231
34908870,42230233
35134119,42230233
40567848,42230233
40679038,42230233
41258359,42230233
44143815,42230233
44353095,42230233
44303565,42231268
44143120,42231270
44142068,42231271
44143117,42231271
44560164,42231271
41203501,42231273
42238705,42231273
40278978,42231274
43385733,42231274
44143120,42231274
40278978,42231278
36998545,42244507
37865899,42244507
39263105,42244507
42222082,42244507
42222970,42244507
42231271,42244507
43598138,42244507
43902831,42244507
39311312,42244700
44142077,42244700
34908870,42266386
41509748,42266386
42830750,42266386
43032611,42266386
43628472,42266386
44560162,42266386
44560164,42266386
34139873,42286472
43027651,42286472
38935921,42309639
43586700,42309639
44475867,42309940
40567848,42320324
44257962,42333436
44142077,42338730
44143815,42338730
44482612,42355728
39760880,42396102
40668462,42396102
43530378,42396102
43495843,42461443
44142081,42542693
44520504,42542693
39865724,42560068
44257962,42613887
40567848,42663870
43412211,42663923
43534248,42663923
40456581,42668460
39865724,42678403
40278978,42678403
43086942,42732855
44353095,42734802
44366930,42734802
44475866,42734802
38255293,42779530
39367323,42783193
39926154,42811314
42040440,42811314
42980419,42980418
42980418,42980419
43220439,42980419
44143131,42981099
42980418,42981100
42980419,42981100
38543649,42992829
43836825,42992829
43628472,42993679
40567848,43032611
35721676,43085385
42040440,43085385
44142069,43123516
42167470,43124655
38255293,43217718
40567848,43217718
38543649,43221132
40568359,43221132
43125359,43221132
43262612,43221132
43607257,43221132
42932245,43243047
38543649,43262612
41012222,43305784
41416439,43355993
42932245,43355993
41136950,43379853
44066979,43382370
34908870,43386192
44353095,43386192
35721676,43412211
35721676,43450105
38335742,43450105
43412211,43450105
43534248,43450105
43426895,43496601
44520504,43496601
38543649,43497461
39767154,43497461
43992121,43497461
40668462,43530378
34908870,43534248
42106341,43534248
40278978,43534957
40278978,43588695
40278978,43588696
43426895,43597049
44520504,43598138
44353095,43603043
42056602,43605994
40847170,43608629
42990126,43608629
44143124,43608895
44142069,43708926
44257962,43708926
40467344,43795199
43797857,43880324
44142069,43902831
38625329,43927675
39431463,43928279
39760880,43928279
42932245,43969832
42811314,43992121
44142069,43992121
42040440,44081267
43305784,44117631
44257962,44142071
44520504,44142071
44142069,44142077
44520504,44142081
44520504,44142084
42990126,44143104
44142077,44143104
44142069,44143115
44560164,44143115
44142069,44143120
44142077,44143815
34908870,44187794
40567848,44303565
44353095,44303565
44366930,44340938
44475866,44340938
42560068,44341841
34908870,44353095
38625329,44353095
40567848,44353095
41416439,44355105
41707599,44505366
39415361,44708737
38219481,46301215
38787027,46301215
42222086,46301215
43597049,46301215
43647916,46301215
38517026,46328717
39311312,46329040
42678403,46329040
44142077,46329040
44143815,46329040
